ID, Adv_age, Adv_sex, Yrs_of_exp, Salary, Stud_Id, Stud_age, Stud_sex, ADVID
1, 47, 0, 10, 433456, 122, 16, 1, 2
1, 47, 0, 10, 433456, 150, 16, 0, 2
1, 47, 0, 10, 433456, 177, 15, 0, 2
1, 47, 0, 10, 433456, 179, 20, 0, 2
1, 47, 0, 10, 433456, 134, 20, 0, 2
1, 47, 0, 10, 433456, 157, 17, 0, 2
1, 47, 0, 10, 433456, 143, 13, 1, 2
1, 47, 0, 10, 433456, 139, 16, 0, 2
1, 47, 0, 10, 433456, 176, 18, 0, 2
1, 47, 0, 10, 433456, 175, 13, 0, 2
1, 47, 0, 10, 433456, 110, 20, 0, 2
1, 47, 0, 10, 433456, 48, 18, 0, 2
1, 47, 0, 10, 433456, 30, 18, 0, 2
1, 47, 0, 10, 433456, 36, 13, 1, 2
1, 47, 0, 10, 433456, 27, 14, 1, 2
1, 47, 0, 10, 433456, 15, 20, 0, 2
1, 47, 0, 10, 433456, 18, 13, 1, 2
1, 47, 0, 10, 433456, 47, 18, 0, 2
1, 47, 0, 10, 433456, 75, 13, 1, 2
1, 47, 0, 10, 433456, 30, 17, 0, 2
1, 47, 0, 10, 433456, 71, 18, 1, 2
1, 47, 0, 10, 433456, 188, 16, 1, 3
1, 47, 0, 10, 433456, 169, 15, 0, 3
1, 47, 0, 10, 433456, 182, 13, 1, 3
1, 47, 0, 10, 433456, 172, 17, 0, 3
1, 47, 0, 10, 433456, 82, 15, 1, 3
1, 47, 0, 10, 433456, 164, 16, 1, 3
1, 47, 0, 10, 433456, 180, 17, 1, 3
1, 47, 0, 10, 433456, 70, 13, 1, 3
1, 47, 0, 10, 433456, 138, 18, 0, 3
1, 47, 0, 10, 433456, 167, 20, 1, 3
1, 47, 0, 10, 433456, 23, 13, 0, 3
1, 47, 0, 10, 433456, 112, 13, 1, 3
1, 47, 0, 10, 433456, 108, 17, 0, 3
1, 47, 0, 10, 433456, 72, 20, 0, 3
1, 47, 0, 10, 433456, 88, 15, 0, 3
1, 47, 0, 10, 433456, 81, 14, 0, 3
1, 47, 0, 10, 433456, 87, 20, 1, 3
1, 47, 0, 10, 433456, 2, 16, 0, 3
1, 47, 0, 10, 433456, 40, 13, 0, 3
1, 47, 0, 10, 433456, 19, 19, 0, 3
1, 47, 0, 10, 433456, 45, 15, 0, 4
1, 47, 0, 10, 433456, 98, 13, 0, 4
1, 47, 0, 10, 433456, 22, 15, 0, 4
1, 47, 0, 10, 433456, 77, 17, 0, 4
1, 47, 0, 10, 433456, 4, 18, 1, 4
1, 47, 0, 10, 433456, 74, 20, 1, 4
1, 47, 0, 10, 433456, 111, 14, 1, 4
1, 47, 0, 10, 433456, 111, 14, 1, 4
1, 47, 0, 10, 433456, 69, 17, 1, 4
1, 47, 0, 10, 433456, 186, 19, 0, 4
1, 47, 0, 10, 433456, 84, 18, 0, 4
1, 47, 0, 10, 433456, 153, 18, 0, 4
1, 47, 0, 10, 433456, 161, 16, 1, 4
1, 47, 0, 10, 433456, 160, 15, 1, 4
1, 47, 0, 10, 433456, 152, 13, 0, 4
1, 47, 0, 10, 433456, 135, 15, 0, 4
1, 47, 0, 10, 433456, 162, 17, 1, 4
1, 47, 0, 10, 433456, 107, 15, 0, 4
1, 47, 0, 10, 433456, 100, 19, 0, 4
1, 47, 0, 10, 433456, 80, 15, 1, 5
1, 47, 0, 10, 433456, 187, 19, 0, 5
1, 47, 0, 10, 433456, 170, 15, 0, 5
1, 47, 0, 10, 433456, 155, 20, 0, 5
1, 47, 0, 10, 433456, 115, 19, 1, 5
1, 47, 0, 10, 433456, 97, 16, 1, 5
1, 47, 0, 10, 433456, 78, 18, 1, 5
1, 47, 0, 10, 433456, 95, 17, 1, 5
1, 47, 0, 10, 433456, 66, 18, 0, 5
1, 47, 0, 10, 433456, 58, 16, 0, 5
1, 47, 0, 10, 433456, 10, 19, 1, 5
1, 47, 0, 10, 433456, 14, 12, 0, 5
1, 47, 0, 10, 433456, 25, 19, 0, 5
1, 47, 0, 10, 433456, 29, 18, 1, 5
1, 47, 0, 10, 433456, 57, 17, 1, 5
1, 47, 0, 10, 433456, 12, 12, 1, 5
1, 47, 0, 10, 433456, 76, 19, 0, 5
1, 47, 0, 10, 433456, 85, 19, 0, 6
1, 47, 0, 10, 433456, 92, 18, 0, 6
1, 47, 0, 10, 433456, 46, 19, 1, 6
1, 47, 0, 10, 433456, 121, 14, 0, 6
1, 47, 0, 10, 433456, 137, 14, 1, 6
1, 47, 0, 10, 433456, 130, 15, 1, 6
1, 47, 0, 10, 433456, 86, 20, 1, 6
1, 47, 0, 10, 433456, 174, 17, 0, 6
1, 47, 0, 10, 433456, 184, 15, 1, 6
1, 47, 0, 10, 433456, 158, 13, 1, 6
1, 47, 0, 10, 433456, 193, 19, 0, 6
1, 47, 0, 10, 433456, 191, 20, 0, 6
1, 47, 0, 10, 433456, 79, 17, 1, 6
1, 47, 0, 10, 433456, 61, 19, 1, 6
1, 47, 0, 10, 433456, 43, 16, 0, 6
1, 47, 0, 10, 433456, 16, 14, 0, 6
1, 47, 0, 10, 433456, 173, 15, 1, 6
1, 47, 0, 10, 433456, 60, 18, 1, 6
1, 47, 0, 10, 433456, 32, 15, 0, 6
1, 47, 0, 10, 433456, 37, 19, 0, 6
1, 47, 0, 10, 433456, 41, 13, 0, 6
1, 47, 0, 10, 433456, 151, 17, 1, 6
1, 47, 0, 10, 433456, 34, 16, 1, 6
1, 47, 0, 10, 433456, 53, 14, 0, 6
1, 47, 0, 10, 433456, 68, 13, 1, 6
1, 47, 0, 10, 433456, 13, 17, 0, 7
1, 47, 0, 10, 433456, 55, 18, 0, 7
1, 47, 0, 10, 433456, 103, 14, 0, 7
1, 47, 0, 10, 433456, 33, 16, 1, 7
1, 47, 0, 10, 433456, 64, 16, 1, 7
1, 47, 0, 10, 433456, 65, 20, 0, 7
1, 47, 0, 10, 433456, 67, 20, 1, 7
1, 47, 0, 10, 433456, 101, 15, 0, 7
1, 47, 0, 10, 433456, 73, 19, 0, 7
1, 47, 0, 10, 433456, 73, 19, 0, 7
1, 47, 0, 10, 433456, 144, 17, 1, 7
1, 47, 0, 10, 433456, 132, 14, 1, 7
1, 47, 0, 10, 433456, 149, 14, 1, 7
1, 47, 0, 10, 433456, 166, 18, 1, 7
1, 47, 0, 10, 433456, 148, 15, 1, 7
1, 47, 0, 10, 433456, 131, 19, 0, 7
1, 47, 0, 10, 433456, 156, 15, 0, 7
1, 47, 0, 10, 433456, 192, 16, 0, 7
1, 47, 0, 10, 433456, 91, 14, 1, 7
1, 47, 0, 10, 433456, 104, 15, 0, 8
1, 47, 0, 10, 433456, 133, 20, 0, 8
1, 47, 0, 10, 433456, 96, 14, 1, 8
1, 47, 0, 10, 433456, 163, 14, 0, 8
1, 47, 0, 10, 433456, 126, 15, 0, 8
1, 47, 0, 10, 433456, 129, 17, 1, 8
1, 47, 0, 10, 433456, 165, 19, 0, 8
1, 47, 0, 10, 433456, 183, 15, 0, 8
1, 47, 0, 10, 433456, 145, 20, 0, 8
1, 47, 0, 10, 433456, 136, 20, 0, 8
1, 47, 0, 10, 433456, 195, 20, 0, 8
1, 47, 0, 10, 433456, 6, 20, 0, 8
1, 47, 0, 10, 433456, 93, 15, 0, 8
1, 47, 0, 10, 433456, 17, 16, 1, 8
1, 47, 0, 10, 433456, 21, 19, 0, 8
1, 47, 0, 10, 433456, 26, 12, 0, 8
1, 47, 0, 10, 433456, 116, 18, 1, 8
1, 47, 0, 10, 433456, 9, 20, 1, 8
1, 47, 0, 10, 433456, 8, 16, 0, 8
1, 47, 0, 10, 433456, 52, 15, 1, 8
1, 47, 0, 10, 433456, 117, 19, 1, 8
1, 47, 0, 10, 433456, 38, 20, 1, 8
1, 47, 0, 10, 433456, 50, 20, 1, 8
1, 47, 0, 10, 433456, 54, 14, 1, 9
1, 47, 0, 10, 433456, 109, 18, 1, 9
1, 47, 0, 10, 433456, 127, 17, 0, 9
1, 47, 0, 10, 433456, 181, 17, 1, 9
1, 47, 0, 10, 433456, 123, 17, 0, 9
1, 47, 0, 10, 433456, 147, 18, 1, 9
1, 47, 0, 10, 433456, 128, 16, 0, 9
1, 47, 0, 10, 433456, 141, 16, 0, 9
1, 47, 0, 10, 433456, 146, 14, 1, 9
1, 47, 0, 10, 433456, 142, 18, 0, 9
1, 47, 0, 10, 433456, 171, 18, 0, 9
1, 47, 0, 10, 433456, 200, 19, 1, 9
1, 47, 0, 10, 433456, 194, 15, 0, 9
1, 47, 0, 10, 433456, 62, 16, 0, 9
1, 47, 0, 10, 433456, 102, 15, 1, 9
1, 47, 0, 10, 433456, 42, 17, 0, 9
1, 47, 0, 10, 433456, 83, 19, 0, 9
1, 47, 0, 10, 433456, 118, 20, 1, 9
1, 47, 0, 10, 433456, 20, 19, 0, 9
1, 47, 0, 10, 433456, 24, 15, 1, 9
1, 47, 0, 10, 433456, 7, 19, 0, 9
1, 47, 0, 10, 433456, 3, 20, 1, 9
1, 47, 0, 10, 433456, 1, 15, 1, 9
1, 47, 0, 10, 433456, 63, 18, 1, 9
1, 47, 0, 10, 433456, 31, 17, 1, 9
1, 47, 0, 10, 433456, 56, 16, 0, 9
1, 47, 0, 10, 433456, 28, 13, 1, 10
1, 47, 0, 10, 433456, 44, 17, 1, 10
1, 47, 0, 10, 433456, 49, 14, 0, 10
1, 47, 0, 10, 433456, 185, 13, 1, 10
1, 47, 0, 10, 433456, 185, 13, 1, 10
1, 47, 0, 10, 433456, 94, 14, 1, 10
1, 47, 0, 10, 433456, 114, 20, 1, 10
1, 47, 0, 10, 433456, 59, 16, 0, 10
1, 47, 0, 10, 433456, 89, 13, 1, 10
1, 47, 0, 10, 433456, 105, 19, 1, 10
1, 47, 0, 10, 433456, 113, 13, 1, 10
1, 47, 0, 10, 433456, 119, 17, 1, 10
1, 47, 0, 10, 433456, 51, 16, 0, 10
1, 47, 0, 10, 433456, 125, 16, 1, 10
1, 47, 0, 10, 433456, 159, 14, 1, 10
1, 47, 0, 10, 433456, 140, 13, 1, 10
1, 47, 0, 10, 433456, 190, 20, 1, 10
1, 47, 0, 10, 433456, 189, 15, 0, 10
1, 47, 0, 10, 433456, 196, 13, 1, 10
2, 47, 0, 3, 423529, 5, 12, 0, 1
2, 47, 0, 3, 423529, 39, 17, 0, 1
2, 47, 0, 3, 423529, 197, 17, 1, 1
2, 47, 0, 3, 423529, 198, 15, 0, 1
2, 47, 0, 3, 423529, 199, 17, 0, 1
2, 47, 0, 3, 423529, 168, 19, 1, 1
2, 47, 0, 3, 423529, 124, 20, 0, 1
2, 47, 0, 3, 423529, 154, 17, 0, 1
2, 47, 0, 3, 423529, 120, 14, 0, 1
2, 47, 0, 3, 423529, 106, 14, 1, 1
2, 47, 0, 3, 423529, 99, 19, 0, 1
2, 47, 0, 3, 423529, 90, 15, 0, 1
2, 47, 0, 3, 423529, 35, 16, 1, 1
2, 47, 0, 3, 423529, 11, 15, 0, 1
2, 47, 0, 3, 423529, 178, 15, 0, 1
2, 47, 0, 3, 423529, 188, 16, 1, 3
2, 47, 0, 3, 423529, 169, 15, 0, 3
2, 47, 0, 3, 423529, 182, 13, 1, 3
2, 47, 0, 3, 423529, 172, 17, 0, 3
2, 47, 0, 3, 423529, 82, 15, 1, 3
2, 47, 0, 3, 423529, 164, 16, 1, 3
2, 47, 0, 3, 423529, 180, 17, 1, 3
2, 47, 0, 3, 423529, 70, 13, 1, 3
2, 47, 0, 3, 423529, 138, 18, 0, 3
2, 47, 0, 3, 423529, 167, 20, 1, 3
2, 47, 0, 3, 423529, 23, 13, 0, 3
2, 47, 0, 3, 423529, 112, 13, 1, 3
2, 47, 0, 3, 423529, 108, 17, 0, 3
2, 47, 0, 3, 423529, 72, 20, 0, 3
2, 47, 0, 3, 423529, 88, 15, 0, 3
2, 47, 0, 3, 423529, 81, 14, 0, 3
2, 47, 0, 3, 423529, 87, 20, 1, 3
2, 47, 0, 3, 423529, 2, 16, 0, 3
2, 47, 0, 3, 423529, 40, 13, 0, 3
2, 47, 0, 3, 423529, 19, 19, 0, 3
2, 47, 0, 3, 423529, 45, 15, 0, 4
2, 47, 0, 3, 423529, 98, 13, 0, 4
2, 47, 0, 3, 423529, 22, 15, 0, 4
2, 47, 0, 3, 423529, 77, 17, 0, 4
2, 47, 0, 3, 423529, 4, 18, 1, 4
2, 47, 0, 3, 423529, 74, 20, 1, 4
2, 47, 0, 3, 423529, 111, 14, 1, 4
2, 47, 0, 3, 423529, 111, 14, 1, 4
2, 47, 0, 3, 423529, 69, 17, 1, 4
2, 47, 0, 3, 423529, 186, 19, 0, 4
2, 47, 0, 3, 423529, 84, 18, 0, 4
2, 47, 0, 3, 423529, 153, 18, 0, 4
2, 47, 0, 3, 423529, 161, 16, 1, 4
2, 47, 0, 3, 423529, 160, 15, 1, 4
2, 47, 0, 3, 423529, 152, 13, 0, 4
2, 47, 0, 3, 423529, 135, 15, 0, 4
2, 47, 0, 3, 423529, 162, 17, 1, 4
2, 47, 0, 3, 423529, 107, 15, 0, 4
2, 47, 0, 3, 423529, 100, 19, 0, 4
2, 47, 0, 3, 423529, 80, 15, 1, 5
2, 47, 0, 3, 423529, 187, 19, 0, 5
2, 47, 0, 3, 423529, 170, 15, 0, 5
2, 47, 0, 3, 423529, 155, 20, 0, 5
2, 47, 0, 3, 423529, 115, 19, 1, 5
2, 47, 0, 3, 423529, 97, 16, 1, 5
2, 47, 0, 3, 423529, 78, 18, 1, 5
2, 47, 0, 3, 423529, 95, 17, 1, 5
2, 47, 0, 3, 423529, 66, 18, 0, 5
2, 47, 0, 3, 423529, 58, 16, 0, 5
2, 47, 0, 3, 423529, 10, 19, 1, 5
2, 47, 0, 3, 423529, 14, 12, 0, 5
2, 47, 0, 3, 423529, 25, 19, 0, 5
2, 47, 0, 3, 423529, 29, 18, 1, 5
2, 47, 0, 3, 423529, 57, 17, 1, 5
2, 47, 0, 3, 423529, 12, 12, 1, 5
2, 47, 0, 3, 423529, 76, 19, 0, 5
2, 47, 0, 3, 423529, 85, 19, 0, 6
2, 47, 0, 3, 423529, 92, 18, 0, 6
2, 47, 0, 3, 423529, 46, 19, 1, 6
2, 47, 0, 3, 423529, 121, 14, 0, 6
2, 47, 0, 3, 423529, 137, 14, 1, 6
2, 47, 0, 3, 423529, 130, 15, 1, 6
2, 47, 0, 3, 423529, 86, 20, 1, 6
2, 47, 0, 3, 423529, 174, 17, 0, 6
2, 47, 0, 3, 423529, 184, 15, 1, 6
2, 47, 0, 3, 423529, 158, 13, 1, 6
2, 47, 0, 3, 423529, 193, 19, 0, 6
2, 47, 0, 3, 423529, 191, 20, 0, 6
2, 47, 0, 3, 423529, 79, 17, 1, 6
2, 47, 0, 3, 423529, 61, 19, 1, 6
2, 47, 0, 3, 423529, 43, 16, 0, 6
2, 47, 0, 3, 423529, 16, 14, 0, 6
2, 47, 0, 3, 423529, 173, 15, 1, 6
2, 47, 0, 3, 423529, 60, 18, 1, 6
2, 47, 0, 3, 423529, 32, 15, 0, 6
2, 47, 0, 3, 423529, 37, 19, 0, 6
2, 47, 0, 3, 423529, 41, 13, 0, 6
2, 47, 0, 3, 423529, 151, 17, 1, 6
2, 47, 0, 3, 423529, 34, 16, 1, 6
2, 47, 0, 3, 423529, 53, 14, 0, 6
2, 47, 0, 3, 423529, 68, 13, 1, 6
2, 47, 0, 3, 423529, 13, 17, 0, 7
2, 47, 0, 3, 423529, 55, 18, 0, 7
2, 47, 0, 3, 423529, 103, 14, 0, 7
2, 47, 0, 3, 423529, 33, 16, 1, 7
2, 47, 0, 3, 423529, 64, 16, 1, 7
2, 47, 0, 3, 423529, 65, 20, 0, 7
2, 47, 0, 3, 423529, 67, 20, 1, 7
2, 47, 0, 3, 423529, 101, 15, 0, 7
2, 47, 0, 3, 423529, 73, 19, 0, 7
2, 47, 0, 3, 423529, 73, 19, 0, 7
2, 47, 0, 3, 423529, 144, 17, 1, 7
2, 47, 0, 3, 423529, 132, 14, 1, 7
2, 47, 0, 3, 423529, 149, 14, 1, 7
2, 47, 0, 3, 423529, 166, 18, 1, 7
2, 47, 0, 3, 423529, 148, 15, 1, 7
2, 47, 0, 3, 423529, 131, 19, 0, 7
2, 47, 0, 3, 423529, 156, 15, 0, 7
2, 47, 0, 3, 423529, 192, 16, 0, 7
2, 47, 0, 3, 423529, 91, 14, 1, 7
2, 47, 0, 3, 423529, 104, 15, 0, 8
2, 47, 0, 3, 423529, 133, 20, 0, 8
2, 47, 0, 3, 423529, 96, 14, 1, 8
2, 47, 0, 3, 423529, 163, 14, 0, 8
2, 47, 0, 3, 423529, 126, 15, 0, 8
2, 47, 0, 3, 423529, 129, 17, 1, 8
2, 47, 0, 3, 423529, 165, 19, 0, 8
2, 47, 0, 3, 423529, 183, 15, 0, 8
2, 47, 0, 3, 423529, 145, 20, 0, 8
2, 47, 0, 3, 423529, 136, 20, 0, 8
2, 47, 0, 3, 423529, 195, 20, 0, 8
2, 47, 0, 3, 423529, 6, 20, 0, 8
2, 47, 0, 3, 423529, 93, 15, 0, 8
2, 47, 0, 3, 423529, 17, 16, 1, 8
2, 47, 0, 3, 423529, 21, 19, 0, 8
2, 47, 0, 3, 423529, 26, 12, 0, 8
2, 47, 0, 3, 423529, 116, 18, 1, 8
2, 47, 0, 3, 423529, 9, 20, 1, 8
2, 47, 0, 3, 423529, 8, 16, 0, 8
2, 47, 0, 3, 423529, 52, 15, 1, 8
2, 47, 0, 3, 423529, 117, 19, 1, 8
2, 47, 0, 3, 423529, 38, 20, 1, 8
2, 47, 0, 3, 423529, 50, 20, 1, 8
2, 47, 0, 3, 423529, 54, 14, 1, 9
2, 47, 0, 3, 423529, 109, 18, 1, 9
2, 47, 0, 3, 423529, 127, 17, 0, 9
2, 47, 0, 3, 423529, 181, 17, 1, 9
2, 47, 0, 3, 423529, 123, 17, 0, 9
2, 47, 0, 3, 423529, 147, 18, 1, 9
2, 47, 0, 3, 423529, 128, 16, 0, 9
2, 47, 0, 3, 423529, 141, 16, 0, 9
2, 47, 0, 3, 423529, 146, 14, 1, 9
2, 47, 0, 3, 423529, 142, 18, 0, 9
2, 47, 0, 3, 423529, 171, 18, 0, 9
2, 47, 0, 3, 423529, 200, 19, 1, 9
2, 47, 0, 3, 423529, 194, 15, 0, 9
2, 47, 0, 3, 423529, 62, 16, 0, 9
2, 47, 0, 3, 423529, 102, 15, 1, 9
2, 47, 0, 3, 423529, 42, 17, 0, 9
2, 47, 0, 3, 423529, 83, 19, 0, 9
2, 47, 0, 3, 423529, 118, 20, 1, 9
2, 47, 0, 3, 423529, 20, 19, 0, 9
2, 47, 0, 3, 423529, 24, 15, 1, 9
2, 47, 0, 3, 423529, 7, 19, 0, 9
2, 47, 0, 3, 423529, 3, 20, 1, 9
2, 47, 0, 3, 423529, 1, 15, 1, 9
2, 47, 0, 3, 423529, 63, 18, 1, 9
2, 47, 0, 3, 423529, 31, 17, 1, 9
2, 47, 0, 3, 423529, 56, 16, 0, 9
2, 47, 0, 3, 423529, 28, 13, 1, 10
2, 47, 0, 3, 423529, 44, 17, 1, 10
2, 47, 0, 3, 423529, 49, 14, 0, 10
2, 47, 0, 3, 423529, 185, 13, 1, 10
2, 47, 0, 3, 423529, 185, 13, 1, 10
2, 47, 0, 3, 423529, 94, 14, 1, 10
2, 47, 0, 3, 423529, 114, 20, 1, 10
2, 47, 0, 3, 423529, 59, 16, 0, 10
2, 47, 0, 3, 423529, 89, 13, 1, 10
2, 47, 0, 3, 423529, 105, 19, 1, 10
2, 47, 0, 3, 423529, 113, 13, 1, 10
2, 47, 0, 3, 423529, 119, 17, 1, 10
2, 47, 0, 3, 423529, 51, 16, 0, 10
2, 47, 0, 3, 423529, 125, 16, 1, 10
2, 47, 0, 3, 423529, 159, 14, 1, 10
2, 47, 0, 3, 423529, 140, 13, 1, 10
2, 47, 0, 3, 423529, 190, 20, 1, 10
2, 47, 0, 3, 423529, 189, 15, 0, 10
2, 47, 0, 3, 423529, 196, 13, 1, 10
3, 36, 1, 9, 183546, 124, 20, 0, 1
3, 36, 1, 9, 183546, 154, 17, 0, 1
3, 36, 1, 9, 183546, 120, 14, 0, 1
3, 36, 1, 9, 183546, 106, 14, 1, 1
3, 36, 1, 9, 183546, 99, 19, 0, 1
3, 36, 1, 9, 183546, 90, 15, 0, 1
3, 36, 1, 9, 183546, 35, 16, 1, 1
3, 36, 1, 9, 183546, 11, 15, 0, 1
3, 36, 1, 9, 183546, 178, 15, 0, 1
3, 36, 1, 9, 183546, 122, 16, 1, 2
3, 36, 1, 9, 183546, 150, 16, 0, 2
3, 36, 1, 9, 183546, 177, 15, 0, 2
3, 36, 1, 9, 183546, 179, 20, 0, 2
3, 36, 1, 9, 183546, 134, 20, 0, 2
3, 36, 1, 9, 183546, 157, 17, 0, 2
3, 36, 1, 9, 183546, 143, 13, 1, 2
3, 36, 1, 9, 183546, 139, 16, 0, 2
3, 36, 1, 9, 183546, 176, 18, 0, 2
3, 36, 1, 9, 183546, 175, 13, 0, 2
3, 36, 1, 9, 183546, 110, 20, 0, 2
3, 36, 1, 9, 183546, 48, 18, 0, 2
3, 36, 1, 9, 183546, 30, 18, 0, 2
3, 36, 1, 9, 183546, 36, 13, 1, 2
3, 36, 1, 9, 183546, 27, 14, 1, 2
3, 36, 1, 9, 183546, 15, 20, 0, 2
3, 36, 1, 9, 183546, 18, 13, 1, 2
3, 36, 1, 9, 183546, 47, 18, 0, 2
3, 36, 1, 9, 183546, 75, 13, 1, 2
3, 36, 1, 9, 183546, 30, 17, 0, 2
3, 36, 1, 9, 183546, 71, 18, 1, 2
3, 36, 1, 9, 183546, 45, 15, 0, 4
3, 36, 1, 9, 183546, 98, 13, 0, 4
3, 36, 1, 9, 183546, 22, 15, 0, 4
3, 36, 1, 9, 183546, 77, 17, 0, 4
3, 36, 1, 9, 183546, 4, 18, 1, 4
3, 36, 1, 9, 183546, 74, 20, 1, 4
3, 36, 1, 9, 183546, 111, 14, 1, 4
3, 36, 1, 9, 183546, 111, 14, 1, 4
3, 36, 1, 9, 183546, 69, 17, 1, 4
3, 36, 1, 9, 183546, 186, 19, 0, 4
3, 36, 1, 9, 183546, 84, 18, 0, 4
3, 36, 1, 9, 183546, 153, 18, 0, 4
3, 36, 1, 9, 183546, 161, 16, 1, 4
3, 36, 1, 9, 183546, 160, 15, 1, 4
3, 36, 1, 9, 183546, 152, 13, 0, 4
3, 36, 1, 9, 183546, 135, 15, 0, 4
3, 36, 1, 9, 183546, 162, 17, 1, 4
3, 36, 1, 9, 183546, 107, 15, 0, 4
3, 36, 1, 9, 183546, 100, 19, 0, 4
3, 36, 1, 9, 183546, 80, 15, 1, 5
3, 36, 1, 9, 183546, 187, 19, 0, 5
3, 36, 1, 9, 183546, 170, 15, 0, 5
3, 36, 1, 9, 183546, 155, 20, 0, 5
3, 36, 1, 9, 183546, 115, 19, 1, 5
3, 36, 1, 9, 183546, 97, 16, 1, 5
3, 36, 1, 9, 183546, 78, 18, 1, 5
3, 36, 1, 9, 183546, 95, 17, 1, 5
3, 36, 1, 9, 183546, 66, 18, 0, 5
3, 36, 1, 9, 183546, 58, 16, 0, 5
3, 36, 1, 9, 183546, 10, 19, 1, 5
3, 36, 1, 9, 183546, 14, 12, 0, 5
3, 36, 1, 9, 183546, 25, 19, 0, 5
3, 36, 1, 9, 183546, 29, 18, 1, 5
3, 36, 1, 9, 183546, 57, 17, 1, 5
3, 36, 1, 9, 183546, 12, 12, 1, 5
3, 36, 1, 9, 183546, 76, 19, 0, 5
3, 36, 1, 9, 183546, 85, 19, 0, 6
3, 36, 1, 9, 183546, 92, 18, 0, 6
3, 36, 1, 9, 183546, 46, 19, 1, 6
3, 36, 1, 9, 183546, 121, 14, 0, 6
3, 36, 1, 9, 183546, 137, 14, 1, 6
3, 36, 1, 9, 183546, 130, 15, 1, 6
3, 36, 1, 9, 183546, 86, 20, 1, 6
3, 36, 1, 9, 183546, 174, 17, 0, 6
3, 36, 1, 9, 183546, 184, 15, 1, 6
3, 36, 1, 9, 183546, 158, 13, 1, 6
3, 36, 1, 9, 183546, 193, 19, 0, 6
3, 36, 1, 9, 183546, 191, 20, 0, 6
3, 36, 1, 9, 183546, 79, 17, 1, 6
3, 36, 1, 9, 183546, 61, 19, 1, 6
3, 36, 1, 9, 183546, 43, 16, 0, 6
3, 36, 1, 9, 183546, 16, 14, 0, 6
3, 36, 1, 9, 183546, 173, 15, 1, 6
3, 36, 1, 9, 183546, 60, 18, 1, 6
3, 36, 1, 9, 183546, 32, 15, 0, 6
3, 36, 1, 9, 183546, 37, 19, 0, 6
3, 36, 1, 9, 183546, 41, 13, 0, 6
3, 36, 1, 9, 183546, 151, 17, 1, 6
3, 36, 1, 9, 183546, 34, 16, 1, 6
3, 36, 1, 9, 183546, 53, 14, 0, 6
3, 36, 1, 9, 183546, 68, 13, 1, 6
3, 36, 1, 9, 183546, 13, 17, 0, 7
3, 36, 1, 9, 183546, 55, 18, 0, 7
3, 36, 1, 9, 183546, 103, 14, 0, 7
3, 36, 1, 9, 183546, 33, 16, 1, 7
3, 36, 1, 9, 183546, 64, 16, 1, 7
3, 36, 1, 9, 183546, 65, 20, 0, 7
3, 36, 1, 9, 183546, 67, 20, 1, 7
3, 36, 1, 9, 183546, 101, 15, 0, 7
3, 36, 1, 9, 183546, 73, 19, 0, 7
3, 36, 1, 9, 183546, 73, 19, 0, 7
3, 36, 1, 9, 183546, 144, 17, 1, 7
3, 36, 1, 9, 183546, 132, 14, 1, 7
3, 36, 1, 9, 183546, 149, 14, 1, 7
3, 36, 1, 9, 183546, 166, 18, 1, 7
3, 36, 1, 9, 183546, 148, 15, 1, 7
3, 36, 1, 9, 183546, 131, 19, 0, 7
3, 36, 1, 9, 183546, 156, 15, 0, 7
3, 36, 1, 9, 183546, 192, 16, 0, 7
3, 36, 1, 9, 183546, 91, 14, 1, 7
3, 36, 1, 9, 183546, 104, 15, 0, 8
3, 36, 1, 9, 183546, 133, 20, 0, 8
3, 36, 1, 9, 183546, 96, 14, 1, 8
3, 36, 1, 9, 183546, 163, 14, 0, 8
3, 36, 1, 9, 183546, 126, 15, 0, 8
3, 36, 1, 9, 183546, 129, 17, 1, 8
3, 36, 1, 9, 183546, 165, 19, 0, 8
3, 36, 1, 9, 183546, 183, 15, 0, 8
3, 36, 1, 9, 183546, 145, 20, 0, 8
3, 36, 1, 9, 183546, 136, 20, 0, 8
3, 36, 1, 9, 183546, 195, 20, 0, 8
3, 36, 1, 9, 183546, 6, 20, 0, 8
3, 36, 1, 9, 183546, 93, 15, 0, 8
3, 36, 1, 9, 183546, 17, 16, 1, 8
3, 36, 1, 9, 183546, 21, 19, 0, 8
3, 36, 1, 9, 183546, 26, 12, 0, 8
3, 36, 1, 9, 183546, 116, 18, 1, 8
3, 36, 1, 9, 183546, 9, 20, 1, 8
3, 36, 1, 9, 183546, 8, 16, 0, 8
3, 36, 1, 9, 183546, 52, 15, 1, 8
3, 36, 1, 9, 183546, 117, 19, 1, 8
3, 36, 1, 9, 183546, 38, 20, 1, 8
3, 36, 1, 9, 183546, 50, 20, 1, 8
3, 36, 1, 9, 183546, 54, 14, 1, 9
3, 36, 1, 9, 183546, 109, 18, 1, 9
3, 36, 1, 9, 183546, 127, 17, 0, 9
3, 36, 1, 9, 183546, 181, 17, 1, 9
3, 36, 1, 9, 183546, 123, 17, 0, 9
3, 36, 1, 9, 183546, 147, 18, 1, 9
3, 36, 1, 9, 183546, 128, 16, 0, 9
3, 36, 1, 9, 183546, 141, 16, 0, 9
3, 36, 1, 9, 183546, 146, 14, 1, 9
3, 36, 1, 9, 183546, 142, 18, 0, 9
3, 36, 1, 9, 183546, 171, 18, 0, 9
3, 36, 1, 9, 183546, 200, 19, 1, 9
3, 36, 1, 9, 183546, 194, 15, 0, 9
3, 36, 1, 9, 183546, 62, 16, 0, 9
3, 36, 1, 9, 183546, 102, 15, 1, 9
3, 36, 1, 9, 183546, 42, 17, 0, 9
3, 36, 1, 9, 183546, 83, 19, 0, 9
3, 36, 1, 9, 183546, 118, 20, 1, 9
3, 36, 1, 9, 183546, 20, 19, 0, 9
3, 36, 1, 9, 183546, 24, 15, 1, 9
3, 36, 1, 9, 183546, 7, 19, 0, 9
3, 36, 1, 9, 183546, 3, 20, 1, 9
3, 36, 1, 9, 183546, 1, 15, 1, 9
3, 36, 1, 9, 183546, 63, 18, 1, 9
3, 36, 1, 9, 183546, 31, 17, 1, 9
3, 36, 1, 9, 183546, 56, 16, 0, 9
3, 36, 1, 9, 183546, 28, 13, 1, 10
3, 36, 1, 9, 183546, 44, 17, 1, 10
3, 36, 1, 9, 183546, 49, 14, 0, 10
3, 36, 1, 9, 183546, 185, 13, 1, 10
3, 36, 1, 9, 183546, 185, 13, 1, 10
3, 36, 1, 9, 183546, 94, 14, 1, 10
3, 36, 1, 9, 183546, 114, 20, 1, 10
3, 36, 1, 9, 183546, 59, 16, 0, 10
3, 36, 1, 9, 183546, 89, 13, 1, 10
3, 36, 1, 9, 183546, 105, 19, 1, 10
3, 36, 1, 9, 183546, 113, 13, 1, 10
3, 36, 1, 9, 183546, 119, 17, 1, 10
3, 36, 1, 9, 183546, 51, 16, 0, 10
3, 36, 1, 9, 183546, 125, 16, 1, 10
3, 36, 1, 9, 183546, 159, 14, 1, 10
3, 36, 1, 9, 183546, 140, 13, 1, 10
3, 36, 1, 9, 183546, 190, 20, 1, 10
3, 36, 1, 9, 183546, 189, 15, 0, 10
3, 36, 1, 9, 183546, 196, 13, 1, 10
4, 40, 0, 10, 112134, 5, 12, 0, 1
4, 40, 0, 10, 112134, 39, 17, 0, 1
4, 40, 0, 10, 112134, 197, 17, 1, 1
4, 40, 0, 10, 112134, 198, 15, 0, 1
4, 40, 0, 10, 112134, 199, 17, 0, 1
4, 40, 0, 10, 112134, 168, 19, 1, 1
4, 40, 0, 10, 112134, 124, 20, 0, 1
4, 40, 0, 10, 112134, 154, 17, 0, 1
4, 40, 0, 10, 112134, 120, 14, 0, 1
4, 40, 0, 10, 112134, 106, 14, 1, 1
4, 40, 0, 10, 112134, 99, 19, 0, 1
4, 40, 0, 10, 112134, 90, 15, 0, 1
4, 40, 0, 10, 112134, 35, 16, 1, 1
4, 40, 0, 10, 112134, 11, 15, 0, 1
4, 40, 0, 10, 112134, 178, 15, 0, 1
4, 40, 0, 10, 112134, 122, 16, 1, 2
4, 40, 0, 10, 112134, 150, 16, 0, 2
4, 40, 0, 10, 112134, 177, 15, 0, 2
4, 40, 0, 10, 112134, 179, 20, 0, 2
4, 40, 0, 10, 112134, 134, 20, 0, 2
4, 40, 0, 10, 112134, 157, 17, 0, 2
4, 40, 0, 10, 112134, 143, 13, 1, 2
4, 40, 0, 10, 112134, 139, 16, 0, 2
4, 40, 0, 10, 112134, 176, 18, 0, 2
4, 40, 0, 10, 112134, 175, 13, 0, 2
4, 40, 0, 10, 112134, 110, 20, 0, 2
4, 40, 0, 10, 112134, 48, 18, 0, 2
4, 40, 0, 10, 112134, 182, 13, 1, 3
4, 40, 0, 10, 112134, 172, 17, 0, 3
4, 40, 0, 10, 112134, 82, 15, 1, 3
4, 40, 0, 10, 112134, 164, 16, 1, 3
4, 40, 0, 10, 112134, 180, 17, 1, 3
4, 40, 0, 10, 112134, 70, 13, 1, 3
4, 40, 0, 10, 112134, 138, 18, 0, 3
4, 40, 0, 10, 112134, 167, 20, 1, 3
4, 40, 0, 10, 112134, 23, 13, 0, 3
4, 40, 0, 10, 112134, 112, 13, 1, 3
4, 40, 0, 10, 112134, 108, 17, 0, 3
4, 40, 0, 10, 112134, 72, 20, 0, 3
4, 40, 0, 10, 112134, 88, 15, 0, 3
4, 40, 0, 10, 112134, 81, 14, 0, 3
4, 40, 0, 10, 112134, 87, 20, 1, 3
4, 40, 0, 10, 112134, 2, 16, 0, 3
4, 40, 0, 10, 112134, 40, 13, 0, 3
4, 40, 0, 10, 112134, 19, 19, 0, 3
4, 40, 0, 10, 112134, 80, 15, 1, 5
4, 40, 0, 10, 112134, 187, 19, 0, 5
4, 40, 0, 10, 112134, 170, 15, 0, 5
4, 40, 0, 10, 112134, 155, 20, 0, 5
4, 40, 0, 10, 112134, 115, 19, 1, 5
4, 40, 0, 10, 112134, 97, 16, 1, 5
4, 40, 0, 10, 112134, 78, 18, 1, 5
4, 40, 0, 10, 112134, 95, 17, 1, 5
4, 40, 0, 10, 112134, 66, 18, 0, 5
4, 40, 0, 10, 112134, 58, 16, 0, 5
4, 40, 0, 10, 112134, 10, 19, 1, 5
4, 40, 0, 10, 112134, 14, 12, 0, 5
4, 40, 0, 10, 112134, 25, 19, 0, 5
4, 40, 0, 10, 112134, 29, 18, 1, 5
4, 40, 0, 10, 112134, 57, 17, 1, 5
4, 40, 0, 10, 112134, 12, 12, 1, 5
4, 40, 0, 10, 112134, 76, 19, 0, 5
4, 40, 0, 10, 112134, 85, 19, 0, 6
4, 40, 0, 10, 112134, 92, 18, 0, 6
4, 40, 0, 10, 112134, 46, 19, 1, 6
4, 40, 0, 10, 112134, 121, 14, 0, 6
4, 40, 0, 10, 112134, 137, 14, 1, 6
4, 40, 0, 10, 112134, 130, 15, 1, 6
4, 40, 0, 10, 112134, 86, 20, 1, 6
4, 40, 0, 10, 112134, 174, 17, 0, 6
4, 40, 0, 10, 112134, 184, 15, 1, 6
4, 40, 0, 10, 112134, 158, 13, 1, 6
4, 40, 0, 10, 112134, 193, 19, 0, 6
4, 40, 0, 10, 112134, 191, 20, 0, 6
4, 40, 0, 10, 112134, 79, 17, 1, 6
4, 40, 0, 10, 112134, 61, 19, 1, 6
4, 40, 0, 10, 112134, 43, 16, 0, 6
4, 40, 0, 10, 112134, 16, 14, 0, 6
4, 40, 0, 10, 112134, 173, 15, 1, 6
4, 40, 0, 10, 112134, 60, 18, 1, 6
4, 40, 0, 10, 112134, 32, 15, 0, 6
4, 40, 0, 10, 112134, 37, 19, 0, 6
4, 40, 0, 10, 112134, 41, 13, 0, 6
4, 40, 0, 10, 112134, 151, 17, 1, 6
4, 40, 0, 10, 112134, 34, 16, 1, 6
4, 40, 0, 10, 112134, 53, 14, 0, 6
4, 40, 0, 10, 112134, 68, 13, 1, 6
4, 40, 0, 10, 112134, 13, 17, 0, 7
4, 40, 0, 10, 112134, 55, 18, 0, 7
4, 40, 0, 10, 112134, 103, 14, 0, 7
4, 40, 0, 10, 112134, 33, 16, 1, 7
4, 40, 0, 10, 112134, 64, 16, 1, 7
4, 40, 0, 10, 112134, 65, 20, 0, 7
4, 40, 0, 10, 112134, 67, 20, 1, 7
4, 40, 0, 10, 112134, 101, 15, 0, 7
4, 40, 0, 10, 112134, 73, 19, 0, 7
4, 40, 0, 10, 112134, 73, 19, 0, 7
4, 40, 0, 10, 112134, 144, 17, 1, 7
4, 40, 0, 10, 112134, 132, 14, 1, 7
4, 40, 0, 10, 112134, 149, 14, 1, 7
4, 40, 0, 10, 112134, 166, 18, 1, 7
4, 40, 0, 10, 112134, 148, 15, 1, 7
4, 40, 0, 10, 112134, 131, 19, 0, 7
4, 40, 0, 10, 112134, 156, 15, 0, 7
4, 40, 0, 10, 112134, 192, 16, 0, 7
4, 40, 0, 10, 112134, 91, 14, 1, 7
4, 40, 0, 10, 112134, 104, 15, 0, 8
4, 40, 0, 10, 112134, 133, 20, 0, 8
4, 40, 0, 10, 112134, 96, 14, 1, 8
4, 40, 0, 10, 112134, 163, 14, 0, 8
4, 40, 0, 10, 112134, 126, 15, 0, 8
4, 40, 0, 10, 112134, 129, 17, 1, 8
4, 40, 0, 10, 112134, 165, 19, 0, 8
4, 40, 0, 10, 112134, 183, 15, 0, 8
4, 40, 0, 10, 112134, 145, 20, 0, 8
4, 40, 0, 10, 112134, 136, 20, 0, 8
4, 40, 0, 10, 112134, 195, 20, 0, 8
4, 40, 0, 10, 112134, 6, 20, 0, 8
4, 40, 0, 10, 112134, 93, 15, 0, 8
4, 40, 0, 10, 112134, 17, 16, 1, 8
4, 40, 0, 10, 112134, 21, 19, 0, 8
4, 40, 0, 10, 112134, 26, 12, 0, 8
4, 40, 0, 10, 112134, 116, 18, 1, 8
4, 40, 0, 10, 112134, 9, 20, 1, 8
4, 40, 0, 10, 112134, 8, 16, 0, 8
4, 40, 0, 10, 112134, 52, 15, 1, 8
4, 40, 0, 10, 112134, 117, 19, 1, 8
4, 40, 0, 10, 112134, 38, 20, 1, 8
4, 40, 0, 10, 112134, 50, 20, 1, 8
4, 40, 0, 10, 112134, 54, 14, 1, 9
4, 40, 0, 10, 112134, 109, 18, 1, 9
4, 40, 0, 10, 112134, 127, 17, 0, 9
4, 40, 0, 10, 112134, 181, 17, 1, 9
4, 40, 0, 10, 112134, 123, 17, 0, 9
4, 40, 0, 10, 112134, 147, 18, 1, 9
4, 40, 0, 10, 112134, 128, 16, 0, 9
4, 40, 0, 10, 112134, 141, 16, 0, 9
4, 40, 0, 10, 112134, 146, 14, 1, 9
4, 40, 0, 10, 112134, 142, 18, 0, 9
4, 40, 0, 10, 112134, 171, 18, 0, 9
4, 40, 0, 10, 112134, 200, 19, 1, 9
4, 40, 0, 10, 112134, 194, 15, 0, 9
4, 40, 0, 10, 112134, 62, 16, 0, 9
4, 40, 0, 10, 112134, 102, 15, 1, 9
4, 40, 0, 10, 112134, 42, 17, 0, 9
4, 40, 0, 10, 112134, 83, 19, 0, 9
4, 40, 0, 10, 112134, 118, 20, 1, 9
4, 40, 0, 10, 112134, 20, 19, 0, 9
4, 40, 0, 10, 112134, 24, 15, 1, 9
4, 40, 0, 10, 112134, 7, 19, 0, 9
4, 40, 0, 10, 112134, 3, 20, 1, 9
4, 40, 0, 10, 112134, 1, 15, 1, 9
4, 40, 0, 10, 112134, 63, 18, 1, 9
4, 40, 0, 10, 112134, 31, 17, 1, 9
4, 40, 0, 10, 112134, 56, 16, 0, 9
4, 40, 0, 10, 112134, 28, 13, 1, 10
4, 40, 0, 10, 112134, 44, 17, 1, 10
4, 40, 0, 10, 112134, 49, 14, 0, 10
4, 40, 0, 10, 112134, 185, 13, 1, 10
4, 40, 0, 10, 112134, 185, 13, 1, 10
4, 40, 0, 10, 112134, 94, 14, 1, 10
4, 40, 0, 10, 112134, 114, 20, 1, 10
4, 40, 0, 10, 112134, 59, 16, 0, 10
4, 40, 0, 10, 112134, 89, 13, 1, 10
4, 40, 0, 10, 112134, 105, 19, 1, 10
4, 40, 0, 10, 112134, 113, 13, 1, 10
4, 40, 0, 10, 112134, 119, 17, 1, 10
4, 40, 0, 10, 112134, 51, 16, 0, 10
4, 40, 0, 10, 112134, 125, 16, 1, 10
4, 40, 0, 10, 112134, 159, 14, 1, 10
4, 40, 0, 10, 112134, 140, 13, 1, 10
4, 40, 0, 10, 112134, 190, 20, 1, 10
4, 40, 0, 10, 112134, 189, 15, 0, 10
4, 40, 0, 10, 112134, 196, 13, 1, 10
5, 37, 1, 2, 205481, 5, 12, 0, 1
5, 37, 1, 2, 205481, 39, 17, 0, 1
5, 37, 1, 2, 205481, 197, 17, 1, 1
5, 37, 1, 2, 205481, 198, 15, 0, 1
5, 37, 1, 2, 205481, 199, 17, 0, 1
5, 37, 1, 2, 205481, 168, 19, 1, 1
5, 37, 1, 2, 205481, 124, 20, 0, 1
5, 37, 1, 2, 205481, 154, 17, 0, 1
5, 37, 1, 2, 205481, 120, 14, 0, 1
5, 37, 1, 2, 205481, 106, 14, 1, 1
5, 37, 1, 2, 205481, 99, 19, 0, 1
5, 37, 1, 2, 205481, 90, 15, 0, 1
5, 37, 1, 2, 205481, 35, 16, 1, 1
5, 37, 1, 2, 205481, 11, 15, 0, 1
5, 37, 1, 2, 205481, 178, 15, 0, 1
5, 37, 1, 2, 205481, 122, 16, 1, 2
5, 37, 1, 2, 205481, 150, 16, 0, 2
5, 37, 1, 2, 205481, 177, 15, 0, 2
5, 37, 1, 2, 205481, 179, 20, 0, 2
5, 37, 1, 2, 205481, 134, 20, 0, 2
5, 37, 1, 2, 205481, 157, 17, 0, 2
5, 37, 1, 2, 205481, 143, 13, 1, 2
5, 37, 1, 2, 205481, 139, 16, 0, 2
5, 37, 1, 2, 205481, 176, 18, 0, 2
5, 37, 1, 2, 205481, 175, 13, 0, 2
5, 37, 1, 2, 205481, 110, 20, 0, 2
5, 37, 1, 2, 205481, 48, 18, 0, 2
5, 37, 1, 2, 205481, 30, 18, 0, 2
5, 37, 1, 2, 205481, 36, 13, 1, 2
5, 37, 1, 2, 205481, 27, 14, 1, 2
5, 37, 1, 2, 205481, 15, 20, 0, 2
5, 37, 1, 2, 205481, 18, 13, 1, 2
5, 37, 1, 2, 205481, 47, 18, 0, 2
5, 37, 1, 2, 205481, 75, 13, 1, 2
5, 37, 1, 2, 205481, 30, 17, 0, 2
5, 37, 1, 2, 205481, 71, 18, 1, 2
5, 37, 1, 2, 205481, 188, 16, 1, 3
5, 37, 1, 2, 205481, 169, 15, 0, 3
5, 37, 1, 2, 205481, 182, 13, 1, 3
5, 37, 1, 2, 205481, 172, 17, 0, 3
5, 37, 1, 2, 205481, 82, 15, 1, 3
5, 37, 1, 2, 205481, 164, 16, 1, 3
5, 37, 1, 2, 205481, 180, 17, 1, 3
5, 37, 1, 2, 205481, 70, 13, 1, 3
5, 37, 1, 2, 205481, 138, 18, 0, 3
5, 37, 1, 2, 205481, 167, 20, 1, 3
5, 37, 1, 2, 205481, 23, 13, 0, 3
5, 37, 1, 2, 205481, 112, 13, 1, 3
5, 37, 1, 2, 205481, 108, 17, 0, 3
5, 37, 1, 2, 205481, 72, 20, 0, 3
5, 37, 1, 2, 205481, 88, 15, 0, 3
5, 37, 1, 2, 205481, 81, 14, 0, 3
5, 37, 1, 2, 205481, 87, 20, 1, 3
5, 37, 1, 2, 205481, 2, 16, 0, 3
5, 37, 1, 2, 205481, 160, 15, 1, 4
5, 37, 1, 2, 205481, 152, 13, 0, 4
5, 37, 1, 2, 205481, 135, 15, 0, 4
5, 37, 1, 2, 205481, 162, 17, 1, 4
5, 37, 1, 2, 205481, 107, 15, 0, 4
5, 37, 1, 2, 205481, 100, 19, 0, 4
5, 37, 1, 2, 205481, 85, 19, 0, 6
5, 37, 1, 2, 205481, 92, 18, 0, 6
5, 37, 1, 2, 205481, 46, 19, 1, 6
5, 37, 1, 2, 205481, 121, 14, 0, 6
5, 37, 1, 2, 205481, 137, 14, 1, 6
5, 37, 1, 2, 205481, 130, 15, 1, 6
5, 37, 1, 2, 205481, 86, 20, 1, 6
5, 37, 1, 2, 205481, 174, 17, 0, 6
5, 37, 1, 2, 205481, 184, 15, 1, 6
5, 37, 1, 2, 205481, 158, 13, 1, 6
5, 37, 1, 2, 205481, 193, 19, 0, 6
5, 37, 1, 2, 205481, 191, 20, 0, 6
5, 37, 1, 2, 205481, 79, 17, 1, 6
5, 37, 1, 2, 205481, 61, 19, 1, 6
5, 37, 1, 2, 205481, 43, 16, 0, 6
5, 37, 1, 2, 205481, 16, 14, 0, 6
5, 37, 1, 2, 205481, 173, 15, 1, 6
5, 37, 1, 2, 205481, 60, 18, 1, 6
5, 37, 1, 2, 205481, 32, 15, 0, 6
5, 37, 1, 2, 205481, 37, 19, 0, 6
5, 37, 1, 2, 205481, 41, 13, 0, 6
5, 37, 1, 2, 205481, 151, 17, 1, 6
5, 37, 1, 2, 205481, 34, 16, 1, 6
5, 37, 1, 2, 205481, 53, 14, 0, 6
5, 37, 1, 2, 205481, 68, 13, 1, 6
5, 37, 1, 2, 205481, 13, 17, 0, 7
5, 37, 1, 2, 205481, 55, 18, 0, 7
5, 37, 1, 2, 205481, 103, 14, 0, 7
5, 37, 1, 2, 205481, 33, 16, 1, 7
5, 37, 1, 2, 205481, 64, 16, 1, 7
5, 37, 1, 2, 205481, 65, 20, 0, 7
5, 37, 1, 2, 205481, 67, 20, 1, 7
5, 37, 1, 2, 205481, 101, 15, 0, 7
5, 37, 1, 2, 205481, 73, 19, 0, 7
5, 37, 1, 2, 205481, 73, 19, 0, 7
5, 37, 1, 2, 205481, 144, 17, 1, 7
5, 37, 1, 2, 205481, 132, 14, 1, 7
5, 37, 1, 2, 205481, 149, 14, 1, 7
5, 37, 1, 2, 205481, 166, 18, 1, 7
5, 37, 1, 2, 205481, 148, 15, 1, 7
5, 37, 1, 2, 205481, 131, 19, 0, 7
5, 37, 1, 2, 205481, 156, 15, 0, 7
5, 37, 1, 2, 205481, 192, 16, 0, 7
5, 37, 1, 2, 205481, 91, 14, 1, 7
5, 37, 1, 2, 205481, 104, 15, 0, 8
5, 37, 1, 2, 205481, 133, 20, 0, 8
5, 37, 1, 2, 205481, 96, 14, 1, 8
5, 37, 1, 2, 205481, 163, 14, 0, 8
5, 37, 1, 2, 205481, 126, 15, 0, 8
5, 37, 1, 2, 205481, 129, 17, 1, 8
5, 37, 1, 2, 205481, 165, 19, 0, 8
5, 37, 1, 2, 205481, 183, 15, 0, 8
5, 37, 1, 2, 205481, 145, 20, 0, 8
5, 37, 1, 2, 205481, 136, 20, 0, 8
5, 37, 1, 2, 205481, 195, 20, 0, 8
5, 37, 1, 2, 205481, 6, 20, 0, 8
5, 37, 1, 2, 205481, 93, 15, 0, 8
5, 37, 1, 2, 205481, 17, 16, 1, 8
5, 37, 1, 2, 205481, 21, 19, 0, 8
5, 37, 1, 2, 205481, 26, 12, 0, 8
5, 37, 1, 2, 205481, 116, 18, 1, 8
5, 37, 1, 2, 205481, 9, 20, 1, 8
5, 37, 1, 2, 205481, 8, 16, 0, 8
5, 37, 1, 2, 205481, 52, 15, 1, 8
5, 37, 1, 2, 205481, 117, 19, 1, 8
5, 37, 1, 2, 205481, 38, 20, 1, 8
5, 37, 1, 2, 205481, 50, 20, 1, 8
5, 37, 1, 2, 205481, 54, 14, 1, 9
5, 37, 1, 2, 205481, 109, 18, 1, 9
5, 37, 1, 2, 205481, 127, 17, 0, 9
5, 37, 1, 2, 205481, 181, 17, 1, 9
5, 37, 1, 2, 205481, 123, 17, 0, 9
5, 37, 1, 2, 205481, 147, 18, 1, 9
5, 37, 1, 2, 205481, 128, 16, 0, 9
5, 37, 1, 2, 205481, 141, 16, 0, 9
5, 37, 1, 2, 205481, 146, 14, 1, 9
5, 37, 1, 2, 205481, 142, 18, 0, 9
5, 37, 1, 2, 205481, 171, 18, 0, 9
5, 37, 1, 2, 205481, 200, 19, 1, 9
5, 37, 1, 2, 205481, 194, 15, 0, 9
5, 37, 1, 2, 205481, 62, 16, 0, 9
5, 37, 1, 2, 205481, 102, 15, 1, 9
5, 37, 1, 2, 205481, 42, 17, 0, 9
5, 37, 1, 2, 205481, 83, 19, 0, 9
5, 37, 1, 2, 205481, 118, 20, 1, 9
5, 37, 1, 2, 205481, 20, 19, 0, 9
5, 37, 1, 2, 205481, 24, 15, 1, 9
5, 37, 1, 2, 205481, 7, 19, 0, 9
5, 37, 1, 2, 205481, 3, 20, 1, 9
5, 37, 1, 2, 205481, 1, 15, 1, 9
5, 37, 1, 2, 205481, 63, 18, 1, 9
5, 37, 1, 2, 205481, 31, 17, 1, 9
5, 37, 1, 2, 205481, 56, 16, 0, 9
5, 37, 1, 2, 205481, 28, 13, 1, 10
5, 37, 1, 2, 205481, 44, 17, 1, 10
5, 37, 1, 2, 205481, 49, 14, 0, 10
5, 37, 1, 2, 205481, 185, 13, 1, 10
5, 37, 1, 2, 205481, 185, 13, 1, 10
5, 37, 1, 2, 205481, 94, 14, 1, 10
5, 37, 1, 2, 205481, 114, 20, 1, 10
5, 37, 1, 2, 205481, 59, 16, 0, 10
5, 37, 1, 2, 205481, 89, 13, 1, 10
5, 37, 1, 2, 205481, 105, 19, 1, 10
5, 37, 1, 2, 205481, 113, 13, 1, 10
5, 37, 1, 2, 205481, 119, 17, 1, 10
5, 37, 1, 2, 205481, 51, 16, 0, 10
5, 37, 1, 2, 205481, 125, 16, 1, 10
5, 37, 1, 2, 205481, 159, 14, 1, 10
5, 37, 1, 2, 205481, 140, 13, 1, 10
5, 37, 1, 2, 205481, 190, 20, 1, 10
5, 37, 1, 2, 205481, 189, 15, 0, 10
5, 37, 1, 2, 205481, 196, 13, 1, 10
6, 38, 1, 7, 466075, 5, 12, 0, 1
6, 38, 1, 7, 466075, 39, 17, 0, 1
6, 38, 1, 7, 466075, 197, 17, 1, 1
6, 38, 1, 7, 466075, 198, 15, 0, 1
6, 38, 1, 7, 466075, 199, 17, 0, 1
6, 38, 1, 7, 466075, 168, 19, 1, 1
6, 38, 1, 7, 466075, 124, 20, 0, 1
6, 38, 1, 7, 466075, 154, 17, 0, 1
6, 38, 1, 7, 466075, 120, 14, 0, 1
6, 38, 1, 7, 466075, 106, 14, 1, 1
6, 38, 1, 7, 466075, 99, 19, 0, 1
6, 38, 1, 7, 466075, 90, 15, 0, 1
6, 38, 1, 7, 466075, 35, 16, 1, 1
6, 38, 1, 7, 466075, 11, 15, 0, 1
6, 38, 1, 7, 466075, 178, 15, 0, 1
6, 38, 1, 7, 466075, 122, 16, 1, 2
6, 38, 1, 7, 466075, 150, 16, 0, 2
6, 38, 1, 7, 466075, 177, 15, 0, 2
6, 38, 1, 7, 466075, 179, 20, 0, 2
6, 38, 1, 7, 466075, 134, 20, 0, 2
6, 38, 1, 7, 466075, 157, 17, 0, 2
6, 38, 1, 7, 466075, 143, 13, 1, 2
6, 38, 1, 7, 466075, 139, 16, 0, 2
6, 38, 1, 7, 466075, 176, 18, 0, 2
6, 38, 1, 7, 466075, 175, 13, 0, 2
6, 38, 1, 7, 466075, 110, 20, 0, 2
6, 38, 1, 7, 466075, 48, 18, 0, 2
6, 38, 1, 7, 466075, 30, 18, 0, 2
6, 38, 1, 7, 466075, 36, 13, 1, 2
6, 38, 1, 7, 466075, 27, 14, 1, 2
6, 38, 1, 7, 466075, 15, 20, 0, 2
6, 38, 1, 7, 466075, 18, 13, 1, 2
6, 38, 1, 7, 466075, 47, 18, 0, 2
6, 38, 1, 7, 466075, 75, 13, 1, 2
6, 38, 1, 7, 466075, 30, 17, 0, 2
6, 38, 1, 7, 466075, 71, 18, 1, 2
6, 38, 1, 7, 466075, 188, 16, 1, 3
6, 38, 1, 7, 466075, 169, 15, 0, 3
6, 38, 1, 7, 466075, 182, 13, 1, 3
6, 38, 1, 7, 466075, 172, 17, 0, 3
6, 38, 1, 7, 466075, 82, 15, 1, 3
6, 38, 1, 7, 466075, 164, 16, 1, 3
6, 38, 1, 7, 466075, 180, 17, 1, 3
6, 38, 1, 7, 466075, 70, 13, 1, 3
6, 38, 1, 7, 466075, 138, 18, 0, 3
6, 38, 1, 7, 466075, 167, 20, 1, 3
6, 38, 1, 7, 466075, 23, 13, 0, 3
6, 38, 1, 7, 466075, 112, 13, 1, 3
6, 38, 1, 7, 466075, 108, 17, 0, 3
6, 38, 1, 7, 466075, 72, 20, 0, 3
6, 38, 1, 7, 466075, 88, 15, 0, 3
6, 38, 1, 7, 466075, 81, 14, 0, 3
6, 38, 1, 7, 466075, 87, 20, 1, 3
6, 38, 1, 7, 466075, 2, 16, 0, 3
6, 38, 1, 7, 466075, 40, 13, 0, 3
6, 38, 1, 7, 466075, 19, 19, 0, 3
6, 38, 1, 7, 466075, 45, 15, 0, 4
6, 38, 1, 7, 466075, 98, 13, 0, 4
6, 38, 1, 7, 466075, 22, 15, 0, 4
6, 38, 1, 7, 466075, 77, 17, 0, 4
6, 38, 1, 7, 466075, 4, 18, 1, 4
6, 38, 1, 7, 466075, 74, 20, 1, 4
6, 38, 1, 7, 466075, 111, 14, 1, 4
6, 38, 1, 7, 466075, 111, 14, 1, 4
6, 38, 1, 7, 466075, 69, 17, 1, 4
6, 38, 1, 7, 466075, 186, 19, 0, 4
6, 38, 1, 7, 466075, 84, 18, 0, 4
6, 38, 1, 7, 466075, 153, 18, 0, 4
6, 38, 1, 7, 466075, 161, 16, 1, 4
6, 38, 1, 7, 466075, 160, 15, 1, 4
6, 38, 1, 7, 466075, 152, 13, 0, 4
6, 38, 1, 7, 466075, 135, 15, 0, 4
6, 38, 1, 7, 466075, 162, 17, 1, 4
6, 38, 1, 7, 466075, 107, 15, 0, 4
6, 38, 1, 7, 466075, 100, 19, 0, 4
6, 38, 1, 7, 466075, 80, 15, 1, 5
6, 38, 1, 7, 466075, 187, 19, 0, 5
6, 38, 1, 7, 466075, 170, 15, 0, 5
6, 38, 1, 7, 466075, 155, 20, 0, 5
6, 38, 1, 7, 466075, 115, 19, 1, 5
6, 38, 1, 7, 466075, 97, 16, 1, 5
6, 38, 1, 7, 466075, 67, 20, 1, 7
6, 38, 1, 7, 466075, 101, 15, 0, 7
6, 38, 1, 7, 466075, 73, 19, 0, 7
6, 38, 1, 7, 466075, 73, 19, 0, 7
6, 38, 1, 7, 466075, 144, 17, 1, 7
6, 38, 1, 7, 466075, 132, 14, 1, 7
6, 38, 1, 7, 466075, 149, 14, 1, 7
6, 38, 1, 7, 466075, 166, 18, 1, 7
6, 38, 1, 7, 466075, 148, 15, 1, 7
6, 38, 1, 7, 466075, 131, 19, 0, 7
6, 38, 1, 7, 466075, 156, 15, 0, 7
6, 38, 1, 7, 466075, 192, 16, 0, 7
6, 38, 1, 7, 466075, 91, 14, 1, 7
6, 38, 1, 7, 466075, 104, 15, 0, 8
6, 38, 1, 7, 466075, 133, 20, 0, 8
6, 38, 1, 7, 466075, 96, 14, 1, 8
6, 38, 1, 7, 466075, 163, 14, 0, 8
6, 38, 1, 7, 466075, 126, 15, 0, 8
6, 38, 1, 7, 466075, 129, 17, 1, 8
6, 38, 1, 7, 466075, 165, 19, 0, 8
6, 38, 1, 7, 466075, 183, 15, 0, 8
6, 38, 1, 7, 466075, 145, 20, 0, 8
6, 38, 1, 7, 466075, 136, 20, 0, 8
6, 38, 1, 7, 466075, 195, 20, 0, 8
6, 38, 1, 7, 466075, 6, 20, 0, 8
6, 38, 1, 7, 466075, 93, 15, 0, 8
6, 38, 1, 7, 466075, 17, 16, 1, 8
6, 38, 1, 7, 466075, 21, 19, 0, 8
6, 38, 1, 7, 466075, 26, 12, 0, 8
6, 38, 1, 7, 466075, 116, 18, 1, 8
6, 38, 1, 7, 466075, 9, 20, 1, 8
6, 38, 1, 7, 466075, 8, 16, 0, 8
6, 38, 1, 7, 466075, 52, 15, 1, 8
6, 38, 1, 7, 466075, 117, 19, 1, 8
6, 38, 1, 7, 466075, 38, 20, 1, 8
6, 38, 1, 7, 466075, 50, 20, 1, 8
6, 38, 1, 7, 466075, 54, 14, 1, 9
6, 38, 1, 7, 466075, 109, 18, 1, 9
6, 38, 1, 7, 466075, 127, 17, 0, 9
6, 38, 1, 7, 466075, 181, 17, 1, 9
6, 38, 1, 7, 466075, 123, 17, 0, 9
6, 38, 1, 7, 466075, 147, 18, 1, 9
6, 38, 1, 7, 466075, 128, 16, 0, 9
6, 38, 1, 7, 466075, 141, 16, 0, 9
6, 38, 1, 7, 466075, 146, 14, 1, 9
6, 38, 1, 7, 466075, 142, 18, 0, 9
6, 38, 1, 7, 466075, 171, 18, 0, 9
6, 38, 1, 7, 466075, 200, 19, 1, 9
6, 38, 1, 7, 466075, 194, 15, 0, 9
6, 38, 1, 7, 466075, 62, 16, 0, 9
6, 38, 1, 7, 466075, 102, 15, 1, 9
6, 38, 1, 7, 466075, 42, 17, 0, 9
6, 38, 1, 7, 466075, 83, 19, 0, 9
6, 38, 1, 7, 466075, 118, 20, 1, 9
6, 38, 1, 7, 466075, 20, 19, 0, 9
6, 38, 1, 7, 466075, 24, 15, 1, 9
6, 38, 1, 7, 466075, 7, 19, 0, 9
6, 38, 1, 7, 466075, 3, 20, 1, 9
6, 38, 1, 7, 466075, 1, 15, 1, 9
6, 38, 1, 7, 466075, 63, 18, 1, 9
6, 38, 1, 7, 466075, 31, 17, 1, 9
6, 38, 1, 7, 466075, 56, 16, 0, 9
6, 38, 1, 7, 466075, 28, 13, 1, 10
6, 38, 1, 7, 466075, 44, 17, 1, 10
6, 38, 1, 7, 466075, 49, 14, 0, 10
6, 38, 1, 7, 466075, 185, 13, 1, 10
6, 38, 1, 7, 466075, 185, 13, 1, 10
6, 38, 1, 7, 466075, 94, 14, 1, 10
6, 38, 1, 7, 466075, 114, 20, 1, 10
6, 38, 1, 7, 466075, 59, 16, 0, 10
6, 38, 1, 7, 466075, 89, 13, 1, 10
6, 38, 1, 7, 466075, 105, 19, 1, 10
6, 38, 1, 7, 466075, 113, 13, 1, 10
6, 38, 1, 7, 466075, 119, 17, 1, 10
6, 38, 1, 7, 466075, 51, 16, 0, 10
6, 38, 1, 7, 466075, 125, 16, 1, 10
6, 38, 1, 7, 466075, 159, 14, 1, 10
6, 38, 1, 7, 466075, 140, 13, 1, 10
6, 38, 1, 7, 466075, 190, 20, 1, 10
6, 38, 1, 7, 466075, 189, 15, 0, 10
6, 38, 1, 7, 466075, 196, 13, 1, 10
7, 56, 0, 6, 462991, 5, 12, 0, 1
7, 56, 0, 6, 462991, 39, 17, 0, 1
7, 56, 0, 6, 462991, 197, 17, 1, 1
7, 56, 0, 6, 462991, 198, 15, 0, 1
7, 56, 0, 6, 462991, 199, 17, 0, 1
7, 56, 0, 6, 462991, 168, 19, 1, 1
7, 56, 0, 6, 462991, 124, 20, 0, 1
7, 56, 0, 6, 462991, 154, 17, 0, 1
7, 56, 0, 6, 462991, 120, 14, 0, 1
7, 56, 0, 6, 462991, 106, 14, 1, 1
7, 56, 0, 6, 462991, 99, 19, 0, 1
7, 56, 0, 6, 462991, 90, 15, 0, 1
7, 56, 0, 6, 462991, 35, 16, 1, 1
7, 56, 0, 6, 462991, 11, 15, 0, 1
7, 56, 0, 6, 462991, 178, 15, 0, 1
7, 56, 0, 6, 462991, 122, 16, 1, 2
7, 56, 0, 6, 462991, 150, 16, 0, 2
7, 56, 0, 6, 462991, 177, 15, 0, 2
7, 56, 0, 6, 462991, 179, 20, 0, 2
7, 56, 0, 6, 462991, 134, 20, 0, 2
7, 56, 0, 6, 462991, 157, 17, 0, 2
7, 56, 0, 6, 462991, 143, 13, 1, 2
7, 56, 0, 6, 462991, 139, 16, 0, 2
7, 56, 0, 6, 462991, 176, 18, 0, 2
7, 56, 0, 6, 462991, 175, 13, 0, 2
7, 56, 0, 6, 462991, 110, 20, 0, 2
7, 56, 0, 6, 462991, 48, 18, 0, 2
7, 56, 0, 6, 462991, 30, 18, 0, 2
7, 56, 0, 6, 462991, 36, 13, 1, 2
7, 56, 0, 6, 462991, 27, 14, 1, 2
7, 56, 0, 6, 462991, 15, 20, 0, 2
7, 56, 0, 6, 462991, 18, 13, 1, 2
7, 56, 0, 6, 462991, 47, 18, 0, 2
7, 56, 0, 6, 462991, 75, 13, 1, 2
7, 56, 0, 6, 462991, 30, 17, 0, 2
7, 56, 0, 6, 462991, 71, 18, 1, 2
7, 56, 0, 6, 462991, 188, 16, 1, 3
7, 56, 0, 6, 462991, 169, 15, 0, 3
7, 56, 0, 6, 462991, 182, 13, 1, 3
7, 56, 0, 6, 462991, 172, 17, 0, 3
7, 56, 0, 6, 462991, 82, 15, 1, 3
7, 56, 0, 6, 462991, 164, 16, 1, 3
7, 56, 0, 6, 462991, 180, 17, 1, 3
7, 56, 0, 6, 462991, 70, 13, 1, 3
7, 56, 0, 6, 462991, 138, 18, 0, 3
7, 56, 0, 6, 462991, 167, 20, 1, 3
7, 56, 0, 6, 462991, 23, 13, 0, 3
7, 56, 0, 6, 462991, 112, 13, 1, 3
7, 56, 0, 6, 462991, 108, 17, 0, 3
7, 56, 0, 6, 462991, 72, 20, 0, 3
7, 56, 0, 6, 462991, 88, 15, 0, 3
7, 56, 0, 6, 462991, 81, 14, 0, 3
7, 56, 0, 6, 462991, 87, 20, 1, 3
7, 56, 0, 6, 462991, 2, 16, 0, 3
7, 56, 0, 6, 462991, 40, 13, 0, 3
7, 56, 0, 6, 462991, 19, 19, 0, 3
7, 56, 0, 6, 462991, 45, 15, 0, 4
7, 56, 0, 6, 462991, 98, 13, 0, 4
7, 56, 0, 6, 462991, 22, 15, 0, 4
7, 56, 0, 6, 462991, 77, 17, 0, 4
7, 56, 0, 6, 462991, 4, 18, 1, 4
7, 56, 0, 6, 462991, 74, 20, 1, 4
7, 56, 0, 6, 462991, 111, 14, 1, 4
7, 56, 0, 6, 462991, 111, 14, 1, 4
7, 56, 0, 6, 462991, 69, 17, 1, 4
7, 56, 0, 6, 462991, 186, 19, 0, 4
7, 56, 0, 6, 462991, 84, 18, 0, 4
7, 56, 0, 6, 462991, 153, 18, 0, 4
7, 56, 0, 6, 462991, 161, 16, 1, 4
7, 56, 0, 6, 462991, 160, 15, 1, 4
7, 56, 0, 6, 462991, 152, 13, 0, 4
7, 56, 0, 6, 462991, 135, 15, 0, 4
7, 56, 0, 6, 462991, 162, 17, 1, 4
7, 56, 0, 6, 462991, 107, 15, 0, 4
7, 56, 0, 6, 462991, 100, 19, 0, 4
7, 56, 0, 6, 462991, 80, 15, 1, 5
7, 56, 0, 6, 462991, 187, 19, 0, 5
7, 56, 0, 6, 462991, 170, 15, 0, 5
7, 56, 0, 6, 462991, 155, 20, 0, 5
7, 56, 0, 6, 462991, 115, 19, 1, 5
7, 56, 0, 6, 462991, 97, 16, 1, 5
7, 56, 0, 6, 462991, 78, 18, 1, 5
7, 56, 0, 6, 462991, 95, 17, 1, 5
7, 56, 0, 6, 462991, 66, 18, 0, 5
7, 56, 0, 6, 462991, 58, 16, 0, 5
7, 56, 0, 6, 462991, 10, 19, 1, 5
7, 56, 0, 6, 462991, 14, 12, 0, 5
7, 56, 0, 6, 462991, 25, 19, 0, 5
7, 56, 0, 6, 462991, 29, 18, 1, 5
7, 56, 0, 6, 462991, 57, 17, 1, 5
7, 56, 0, 6, 462991, 12, 12, 1, 5
7, 56, 0, 6, 462991, 76, 19, 0, 5
7, 56, 0, 6, 462991, 85, 19, 0, 6
7, 56, 0, 6, 462991, 92, 18, 0, 6
7, 56, 0, 6, 462991, 46, 19, 1, 6
7, 56, 0, 6, 462991, 121, 14, 0, 6
7, 56, 0, 6, 462991, 137, 14, 1, 6
7, 56, 0, 6, 462991, 130, 15, 1, 6
7, 56, 0, 6, 462991, 86, 20, 1, 6
7, 56, 0, 6, 462991, 174, 17, 0, 6
7, 56, 0, 6, 462991, 184, 15, 1, 6
7, 56, 0, 6, 462991, 158, 13, 1, 6
7, 56, 0, 6, 462991, 193, 19, 0, 6
7, 56, 0, 6, 462991, 191, 20, 0, 6
7, 56, 0, 6, 462991, 79, 17, 1, 6
7, 56, 0, 6, 462991, 61, 19, 1, 6
7, 56, 0, 6, 462991, 43, 16, 0, 6
7, 56, 0, 6, 462991, 16, 14, 0, 6
7, 56, 0, 6, 462991, 173, 15, 1, 6
7, 56, 0, 6, 462991, 60, 18, 1, 6
7, 56, 0, 6, 462991, 32, 15, 0, 6
7, 56, 0, 6, 462991, 37, 19, 0, 6
7, 56, 0, 6, 462991, 41, 13, 0, 6
7, 56, 0, 6, 462991, 151, 17, 1, 6
7, 56, 0, 6, 462991, 34, 16, 1, 6
7, 56, 0, 6, 462991, 53, 14, 0, 6
7, 56, 0, 6, 462991, 68, 13, 1, 6
7, 56, 0, 6, 462991, 104, 15, 0, 8
7, 56, 0, 6, 462991, 133, 20, 0, 8
7, 56, 0, 6, 462991, 96, 14, 1, 8
7, 56, 0, 6, 462991, 163, 14, 0, 8
7, 56, 0, 6, 462991, 126, 15, 0, 8
7, 56, 0, 6, 462991, 129, 17, 1, 8
7, 56, 0, 6, 462991, 165, 19, 0, 8
7, 56, 0, 6, 462991, 183, 15, 0, 8
7, 56, 0, 6, 462991, 145, 20, 0, 8
7, 56, 0, 6, 462991, 136, 20, 0, 8
7, 56, 0, 6, 462991, 195, 20, 0, 8
7, 56, 0, 6, 462991, 6, 20, 0, 8
7, 56, 0, 6, 462991, 93, 15, 0, 8
7, 56, 0, 6, 462991, 17, 16, 1, 8
7, 56, 0, 6, 462991, 21, 19, 0, 8
7, 56, 0, 6, 462991, 26, 12, 0, 8
7, 56, 0, 6, 462991, 116, 18, 1, 8
7, 56, 0, 6, 462991, 9, 20, 1, 8
7, 56, 0, 6, 462991, 8, 16, 0, 8
7, 56, 0, 6, 462991, 52, 15, 1, 8
7, 56, 0, 6, 462991, 117, 19, 1, 8
7, 56, 0, 6, 462991, 38, 20, 1, 8
7, 56, 0, 6, 462991, 50, 20, 1, 8
7, 56, 0, 6, 462991, 54, 14, 1, 9
7, 56, 0, 6, 462991, 109, 18, 1, 9
7, 56, 0, 6, 462991, 127, 17, 0, 9
7, 56, 0, 6, 462991, 181, 17, 1, 9
7, 56, 0, 6, 462991, 123, 17, 0, 9
7, 56, 0, 6, 462991, 147, 18, 1, 9
7, 56, 0, 6, 462991, 128, 16, 0, 9
7, 56, 0, 6, 462991, 141, 16, 0, 9
7, 56, 0, 6, 462991, 146, 14, 1, 9
7, 56, 0, 6, 462991, 142, 18, 0, 9
7, 56, 0, 6, 462991, 171, 18, 0, 9
7, 56, 0, 6, 462991, 200, 19, 1, 9
7, 56, 0, 6, 462991, 194, 15, 0, 9
7, 56, 0, 6, 462991, 62, 16, 0, 9
7, 56, 0, 6, 462991, 102, 15, 1, 9
7, 56, 0, 6, 462991, 42, 17, 0, 9
7, 56, 0, 6, 462991, 83, 19, 0, 9
7, 56, 0, 6, 462991, 118, 20, 1, 9
7, 56, 0, 6, 462991, 20, 19, 0, 9
7, 56, 0, 6, 462991, 24, 15, 1, 9
7, 56, 0, 6, 462991, 7, 19, 0, 9
7, 56, 0, 6, 462991, 3, 20, 1, 9
7, 56, 0, 6, 462991, 1, 15, 1, 9
7, 56, 0, 6, 462991, 63, 18, 1, 9
7, 56, 0, 6, 462991, 31, 17, 1, 9
7, 56, 0, 6, 462991, 56, 16, 0, 9
7, 56, 0, 6, 462991, 28, 13, 1, 10
7, 56, 0, 6, 462991, 44, 17, 1, 10
7, 56, 0, 6, 462991, 49, 14, 0, 10
7, 56, 0, 6, 462991, 185, 13, 1, 10
7, 56, 0, 6, 462991, 185, 13, 1, 10
7, 56, 0, 6, 462991, 94, 14, 1, 10
7, 56, 0, 6, 462991, 114, 20, 1, 10
7, 56, 0, 6, 462991, 59, 16, 0, 10
7, 56, 0, 6, 462991, 89, 13, 1, 10
7, 56, 0, 6, 462991, 105, 19, 1, 10
7, 56, 0, 6, 462991, 113, 13, 1, 10
7, 56, 0, 6, 462991, 119, 17, 1, 10
7, 56, 0, 6, 462991, 51, 16, 0, 10
7, 56, 0, 6, 462991, 125, 16, 1, 10
7, 56, 0, 6, 462991, 159, 14, 1, 10
7, 56, 0, 6, 462991, 140, 13, 1, 10
7, 56, 0, 6, 462991, 190, 20, 1, 10
7, 56, 0, 6, 462991, 189, 15, 0, 10
7, 56, 0, 6, 462991, 196, 13, 1, 10
8, 55, 0, 4, 347410, 5, 12, 0, 1
8, 55, 0, 4, 347410, 39, 17, 0, 1
8, 55, 0, 4, 347410, 197, 17, 1, 1
8, 55, 0, 4, 347410, 198, 15, 0, 1
8, 55, 0, 4, 347410, 199, 17, 0, 1
8, 55, 0, 4, 347410, 168, 19, 1, 1
8, 55, 0, 4, 347410, 124, 20, 0, 1
8, 55, 0, 4, 347410, 154, 17, 0, 1
8, 55, 0, 4, 347410, 120, 14, 0, 1
8, 55, 0, 4, 347410, 106, 14, 1, 1
8, 55, 0, 4, 347410, 99, 19, 0, 1
8, 55, 0, 4, 347410, 90, 15, 0, 1
8, 55, 0, 4, 347410, 35, 16, 1, 1
8, 55, 0, 4, 347410, 11, 15, 0, 1
8, 55, 0, 4, 347410, 178, 15, 0, 1
8, 55, 0, 4, 347410, 122, 16, 1, 2
8, 55, 0, 4, 347410, 150, 16, 0, 2
8, 55, 0, 4, 347410, 177, 15, 0, 2
8, 55, 0, 4, 347410, 179, 20, 0, 2
8, 55, 0, 4, 347410, 134, 20, 0, 2
8, 55, 0, 4, 347410, 157, 17, 0, 2
8, 55, 0, 4, 347410, 143, 13, 1, 2
8, 55, 0, 4, 347410, 139, 16, 0, 2
8, 55, 0, 4, 347410, 176, 18, 0, 2
8, 55, 0, 4, 347410, 175, 13, 0, 2
8, 55, 0, 4, 347410, 110, 20, 0, 2
8, 55, 0, 4, 347410, 48, 18, 0, 2
8, 55, 0, 4, 347410, 30, 18, 0, 2
8, 55, 0, 4, 347410, 36, 13, 1, 2
8, 55, 0, 4, 347410, 27, 14, 1, 2
8, 55, 0, 4, 347410, 15, 20, 0, 2
8, 55, 0, 4, 347410, 18, 13, 1, 2
8, 55, 0, 4, 347410, 47, 18, 0, 2
8, 55, 0, 4, 347410, 75, 13, 1, 2
8, 55, 0, 4, 347410, 30, 17, 0, 2
8, 55, 0, 4, 347410, 71, 18, 1, 2
8, 55, 0, 4, 347410, 188, 16, 1, 3
8, 55, 0, 4, 347410, 169, 15, 0, 3
8, 55, 0, 4, 347410, 182, 13, 1, 3
8, 55, 0, 4, 347410, 172, 17, 0, 3
8, 55, 0, 4, 347410, 82, 15, 1, 3
8, 55, 0, 4, 347410, 164, 16, 1, 3
8, 55, 0, 4, 347410, 180, 17, 1, 3
8, 55, 0, 4, 347410, 70, 13, 1, 3
8, 55, 0, 4, 347410, 138, 18, 0, 3
8, 55, 0, 4, 347410, 167, 20, 1, 3
8, 55, 0, 4, 347410, 23, 13, 0, 3
8, 55, 0, 4, 347410, 112, 13, 1, 3
8, 55, 0, 4, 347410, 108, 17, 0, 3
8, 55, 0, 4, 347410, 72, 20, 0, 3
8, 55, 0, 4, 347410, 88, 15, 0, 3
8, 55, 0, 4, 347410, 81, 14, 0, 3
8, 55, 0, 4, 347410, 87, 20, 1, 3
8, 55, 0, 4, 347410, 2, 16, 0, 3
8, 55, 0, 4, 347410, 40, 13, 0, 3
8, 55, 0, 4, 347410, 19, 19, 0, 3
8, 55, 0, 4, 347410, 45, 15, 0, 4
8, 55, 0, 4, 347410, 98, 13, 0, 4
8, 55, 0, 4, 347410, 22, 15, 0, 4
8, 55, 0, 4, 347410, 77, 17, 0, 4
8, 55, 0, 4, 347410, 4, 18, 1, 4
8, 55, 0, 4, 347410, 74, 20, 1, 4
8, 55, 0, 4, 347410, 111, 14, 1, 4
8, 55, 0, 4, 347410, 111, 14, 1, 4
8, 55, 0, 4, 347410, 69, 17, 1, 4
8, 55, 0, 4, 347410, 186, 19, 0, 4
8, 55, 0, 4, 347410, 84, 18, 0, 4
8, 55, 0, 4, 347410, 153, 18, 0, 4
8, 55, 0, 4, 347410, 161, 16, 1, 4
8, 55, 0, 4, 347410, 160, 15, 1, 4
8, 55, 0, 4, 347410, 152, 13, 0, 4
8, 55, 0, 4, 347410, 135, 15, 0, 4
8, 55, 0, 4, 347410, 162, 17, 1, 4
8, 55, 0, 4, 347410, 107, 15, 0, 4
8, 55, 0, 4, 347410, 100, 19, 0, 4
8, 55, 0, 4, 347410, 80, 15, 1, 5
8, 55, 0, 4, 347410, 187, 19, 0, 5
8, 55, 0, 4, 347410, 170, 15, 0, 5
8, 55, 0, 4, 347410, 155, 20, 0, 5
8, 55, 0, 4, 347410, 115, 19, 1, 5
8, 55, 0, 4, 347410, 97, 16, 1, 5
8, 55, 0, 4, 347410, 78, 18, 1, 5
8, 55, 0, 4, 347410, 95, 17, 1, 5
8, 55, 0, 4, 347410, 66, 18, 0, 5
8, 55, 0, 4, 347410, 58, 16, 0, 5
8, 55, 0, 4, 347410, 10, 19, 1, 5
8, 55, 0, 4, 347410, 14, 12, 0, 5
8, 55, 0, 4, 347410, 25, 19, 0, 5
8, 55, 0, 4, 347410, 29, 18, 1, 5
8, 55, 0, 4, 347410, 57, 17, 1, 5
8, 55, 0, 4, 347410, 12, 12, 1, 5
8, 55, 0, 4, 347410, 76, 19, 0, 5
8, 55, 0, 4, 347410, 85, 19, 0, 6
8, 55, 0, 4, 347410, 92, 18, 0, 6
8, 55, 0, 4, 347410, 46, 19, 1, 6
8, 55, 0, 4, 347410, 121, 14, 0, 6
8, 55, 0, 4, 347410, 137, 14, 1, 6
8, 55, 0, 4, 347410, 130, 15, 1, 6
8, 55, 0, 4, 347410, 86, 20, 1, 6
8, 55, 0, 4, 347410, 174, 17, 0, 6
8, 55, 0, 4, 347410, 184, 15, 1, 6
8, 55, 0, 4, 347410, 158, 13, 1, 6
8, 55, 0, 4, 347410, 193, 19, 0, 6
8, 55, 0, 4, 347410, 191, 20, 0, 6
8, 55, 0, 4, 347410, 79, 17, 1, 6
8, 55, 0, 4, 347410, 61, 19, 1, 6
8, 55, 0, 4, 347410, 43, 16, 0, 6
8, 55, 0, 4, 347410, 16, 14, 0, 6
8, 55, 0, 4, 347410, 41, 13, 0, 6
8, 55, 0, 4, 347410, 151, 17, 1, 6
8, 55, 0, 4, 347410, 34, 16, 1, 6
8, 55, 0, 4, 347410, 53, 14, 0, 6
8, 55, 0, 4, 347410, 68, 13, 1, 6
8, 55, 0, 4, 347410, 13, 17, 0, 7
8, 55, 0, 4, 347410, 55, 18, 0, 7
8, 55, 0, 4, 347410, 103, 14, 0, 7
8, 55, 0, 4, 347410, 33, 16, 1, 7
8, 55, 0, 4, 347410, 64, 16, 1, 7
8, 55, 0, 4, 347410, 65, 20, 0, 7
8, 55, 0, 4, 347410, 67, 20, 1, 7
8, 55, 0, 4, 347410, 101, 15, 0, 7
8, 55, 0, 4, 347410, 73, 19, 0, 7
8, 55, 0, 4, 347410, 73, 19, 0, 7
8, 55, 0, 4, 347410, 144, 17, 1, 7
8, 55, 0, 4, 347410, 132, 14, 1, 7
8, 55, 0, 4, 347410, 149, 14, 1, 7
8, 55, 0, 4, 347410, 166, 18, 1, 7
8, 55, 0, 4, 347410, 148, 15, 1, 7
8, 55, 0, 4, 347410, 131, 19, 0, 7
8, 55, 0, 4, 347410, 156, 15, 0, 7
8, 55, 0, 4, 347410, 192, 16, 0, 7
8, 55, 0, 4, 347410, 91, 14, 1, 7
8, 55, 0, 4, 347410, 54, 14, 1, 9
8, 55, 0, 4, 347410, 109, 18, 1, 9
8, 55, 0, 4, 347410, 127, 17, 0, 9
8, 55, 0, 4, 347410, 181, 17, 1, 9
8, 55, 0, 4, 347410, 123, 17, 0, 9
8, 55, 0, 4, 347410, 147, 18, 1, 9
8, 55, 0, 4, 347410, 128, 16, 0, 9
8, 55, 0, 4, 347410, 141, 16, 0, 9
8, 55, 0, 4, 347410, 146, 14, 1, 9
8, 55, 0, 4, 347410, 142, 18, 0, 9
8, 55, 0, 4, 347410, 171, 18, 0, 9
8, 55, 0, 4, 347410, 200, 19, 1, 9
8, 55, 0, 4, 347410, 194, 15, 0, 9
8, 55, 0, 4, 347410, 62, 16, 0, 9
8, 55, 0, 4, 347410, 102, 15, 1, 9
8, 55, 0, 4, 347410, 42, 17, 0, 9
8, 55, 0, 4, 347410, 83, 19, 0, 9
8, 55, 0, 4, 347410, 118, 20, 1, 9
8, 55, 0, 4, 347410, 20, 19, 0, 9
8, 55, 0, 4, 347410, 24, 15, 1, 9
8, 55, 0, 4, 347410, 7, 19, 0, 9
8, 55, 0, 4, 347410, 3, 20, 1, 9
8, 55, 0, 4, 347410, 1, 15, 1, 9
8, 55, 0, 4, 347410, 63, 18, 1, 9
8, 55, 0, 4, 347410, 31, 17, 1, 9
8, 55, 0, 4, 347410, 56, 16, 0, 9
8, 55, 0, 4, 347410, 28, 13, 1, 10
8, 55, 0, 4, 347410, 44, 17, 1, 10
8, 55, 0, 4, 347410, 49, 14, 0, 10
8, 55, 0, 4, 347410, 185, 13, 1, 10
8, 55, 0, 4, 347410, 185, 13, 1, 10
8, 55, 0, 4, 347410, 94, 14, 1, 10
8, 55, 0, 4, 347410, 114, 20, 1, 10
8, 55, 0, 4, 347410, 59, 16, 0, 10
8, 55, 0, 4, 347410, 89, 13, 1, 10
8, 55, 0, 4, 347410, 105, 19, 1, 10
8, 55, 0, 4, 347410, 113, 13, 1, 10
8, 55, 0, 4, 347410, 119, 17, 1, 10
8, 55, 0, 4, 347410, 51, 16, 0, 10
8, 55, 0, 4, 347410, 125, 16, 1, 10
8, 55, 0, 4, 347410, 159, 14, 1, 10
8, 55, 0, 4, 347410, 140, 13, 1, 10
8, 55, 0, 4, 347410, 190, 20, 1, 10
8, 55, 0, 4, 347410, 189, 15, 0, 10
8, 55, 0, 4, 347410, 196, 13, 1, 10
9, 31, 0, 5, 359453, 5, 12, 0, 1
9, 31, 0, 5, 359453, 39, 17, 0, 1
9, 31, 0, 5, 359453, 197, 17, 1, 1
9, 31, 0, 5, 359453, 198, 15, 0, 1
9, 31, 0, 5, 359453, 199, 17, 0, 1
9, 31, 0, 5, 359453, 168, 19, 1, 1
9, 31, 0, 5, 359453, 124, 20, 0, 1
9, 31, 0, 5, 359453, 154, 17, 0, 1
9, 31, 0, 5, 359453, 120, 14, 0, 1
9, 31, 0, 5, 359453, 106, 14, 1, 1
9, 31, 0, 5, 359453, 99, 19, 0, 1
9, 31, 0, 5, 359453, 90, 15, 0, 1
9, 31, 0, 5, 359453, 35, 16, 1, 1
9, 31, 0, 5, 359453, 11, 15, 0, 1
9, 31, 0, 5, 359453, 178, 15, 0, 1
9, 31, 0, 5, 359453, 122, 16, 1, 2
9, 31, 0, 5, 359453, 150, 16, 0, 2
9, 31, 0, 5, 359453, 177, 15, 0, 2
9, 31, 0, 5, 359453, 179, 20, 0, 2
9, 31, 0, 5, 359453, 134, 20, 0, 2
9, 31, 0, 5, 359453, 157, 17, 0, 2
9, 31, 0, 5, 359453, 143, 13, 1, 2
9, 31, 0, 5, 359453, 139, 16, 0, 2
9, 31, 0, 5, 359453, 176, 18, 0, 2
9, 31, 0, 5, 359453, 175, 13, 0, 2
9, 31, 0, 5, 359453, 110, 20, 0, 2
9, 31, 0, 5, 359453, 48, 18, 0, 2
9, 31, 0, 5, 359453, 30, 18, 0, 2
9, 31, 0, 5, 359453, 36, 13, 1, 2
9, 31, 0, 5, 359453, 27, 14, 1, 2
9, 31, 0, 5, 359453, 15, 20, 0, 2
9, 31, 0, 5, 359453, 18, 13, 1, 2
9, 31, 0, 5, 359453, 47, 18, 0, 2
9, 31, 0, 5, 359453, 75, 13, 1, 2
9, 31, 0, 5, 359453, 30, 17, 0, 2
9, 31, 0, 5, 359453, 71, 18, 1, 2
9, 31, 0, 5, 359453, 188, 16, 1, 3
9, 31, 0, 5, 359453, 169, 15, 0, 3
9, 31, 0, 5, 359453, 182, 13, 1, 3
9, 31, 0, 5, 359453, 172, 17, 0, 3
9, 31, 0, 5, 359453, 82, 15, 1, 3
9, 31, 0, 5, 359453, 164, 16, 1, 3
9, 31, 0, 5, 359453, 180, 17, 1, 3
9, 31, 0, 5, 359453, 70, 13, 1, 3
9, 31, 0, 5, 359453, 138, 18, 0, 3
9, 31, 0, 5, 359453, 167, 20, 1, 3
9, 31, 0, 5, 359453, 23, 13, 0, 3
9, 31, 0, 5, 359453, 112, 13, 1, 3
9, 31, 0, 5, 359453, 108, 17, 0, 3
9, 31, 0, 5, 359453, 72, 20, 0, 3
9, 31, 0, 5, 359453, 88, 15, 0, 3
9, 31, 0, 5, 359453, 81, 14, 0, 3
9, 31, 0, 5, 359453, 87, 20, 1, 3
9, 31, 0, 5, 359453, 2, 16, 0, 3
9, 31, 0, 5, 359453, 40, 13, 0, 3
9, 31, 0, 5, 359453, 19, 19, 0, 3
9, 31, 0, 5, 359453, 45, 15, 0, 4
9, 31, 0, 5, 359453, 98, 13, 0, 4
9, 31, 0, 5, 359453, 22, 15, 0, 4
9, 31, 0, 5, 359453, 77, 17, 0, 4
9, 31, 0, 5, 359453, 4, 18, 1, 4
9, 31, 0, 5, 359453, 74, 20, 1, 4
9, 31, 0, 5, 359453, 111, 14, 1, 4
9, 31, 0, 5, 359453, 111, 14, 1, 4
9, 31, 0, 5, 359453, 69, 17, 1, 4
9, 31, 0, 5, 359453, 186, 19, 0, 4
9, 31, 0, 5, 359453, 84, 18, 0, 4
9, 31, 0, 5, 359453, 153, 18, 0, 4
9, 31, 0, 5, 359453, 161, 16, 1, 4
9, 31, 0, 5, 359453, 160, 15, 1, 4
9, 31, 0, 5, 359453, 152, 13, 0, 4
9, 31, 0, 5, 359453, 135, 15, 0, 4
9, 31, 0, 5, 359453, 162, 17, 1, 4
9, 31, 0, 5, 359453, 107, 15, 0, 4
9, 31, 0, 5, 359453, 100, 19, 0, 4
9, 31, 0, 5, 359453, 80, 15, 1, 5
9, 31, 0, 5, 359453, 187, 19, 0, 5
9, 31, 0, 5, 359453, 170, 15, 0, 5
9, 31, 0, 5, 359453, 155, 20, 0, 5
9, 31, 0, 5, 359453, 115, 19, 1, 5
9, 31, 0, 5, 359453, 97, 16, 1, 5
9, 31, 0, 5, 359453, 78, 18, 1, 5
9, 31, 0, 5, 359453, 95, 17, 1, 5
9, 31, 0, 5, 359453, 66, 18, 0, 5
9, 31, 0, 5, 359453, 58, 16, 0, 5
9, 31, 0, 5, 359453, 10, 19, 1, 5
9, 31, 0, 5, 359453, 14, 12, 0, 5
9, 31, 0, 5, 359453, 25, 19, 0, 5
9, 31, 0, 5, 359453, 29, 18, 1, 5
9, 31, 0, 5, 359453, 57, 17, 1, 5
9, 31, 0, 5, 359453, 12, 12, 1, 5
9, 31, 0, 5, 359453, 76, 19, 0, 5
9, 31, 0, 5, 359453, 85, 19, 0, 6
9, 31, 0, 5, 359453, 92, 18, 0, 6
9, 31, 0, 5, 359453, 46, 19, 1, 6
9, 31, 0, 5, 359453, 121, 14, 0, 6
9, 31, 0, 5, 359453, 137, 14, 1, 6
9, 31, 0, 5, 359453, 130, 15, 1, 6
9, 31, 0, 5, 359453, 86, 20, 1, 6
9, 31, 0, 5, 359453, 174, 17, 0, 6
9, 31, 0, 5, 359453, 184, 15, 1, 6
9, 31, 0, 5, 359453, 158, 13, 1, 6
9, 31, 0, 5, 359453, 193, 19, 0, 6
9, 31, 0, 5, 359453, 191, 20, 0, 6
9, 31, 0, 5, 359453, 79, 17, 1, 6
9, 31, 0, 5, 359453, 61, 19, 1, 6
9, 31, 0, 5, 359453, 43, 16, 0, 6
9, 31, 0, 5, 359453, 16, 14, 0, 6
9, 31, 0, 5, 359453, 173, 15, 1, 6
9, 31, 0, 5, 359453, 60, 18, 1, 6
9, 31, 0, 5, 359453, 32, 15, 0, 6
9, 31, 0, 5, 359453, 37, 19, 0, 6
9, 31, 0, 5, 359453, 41, 13, 0, 6
9, 31, 0, 5, 359453, 151, 17, 1, 6
9, 31, 0, 5, 359453, 34, 16, 1, 6
9, 31, 0, 5, 359453, 53, 14, 0, 6
9, 31, 0, 5, 359453, 68, 13, 1, 6
9, 31, 0, 5, 359453, 13, 17, 0, 7
9, 31, 0, 5, 359453, 55, 18, 0, 7
9, 31, 0, 5, 359453, 103, 14, 0, 7
9, 31, 0, 5, 359453, 33, 16, 1, 7
9, 31, 0, 5, 359453, 64, 16, 1, 7
9, 31, 0, 5, 359453, 65, 20, 0, 7
9, 31, 0, 5, 359453, 67, 20, 1, 7
9, 31, 0, 5, 359453, 101, 15, 0, 7
9, 31, 0, 5, 359453, 73, 19, 0, 7
9, 31, 0, 5, 359453, 73, 19, 0, 7
9, 31, 0, 5, 359453, 144, 17, 1, 7
9, 31, 0, 5, 359453, 132, 14, 1, 7
9, 31, 0, 5, 359453, 149, 14, 1, 7
9, 31, 0, 5, 359453, 166, 18, 1, 7
9, 31, 0, 5, 359453, 148, 15, 1, 7
9, 31, 0, 5, 359453, 131, 19, 0, 7
9, 31, 0, 5, 359453, 156, 15, 0, 7
9, 31, 0, 5, 359453, 192, 16, 0, 7
9, 31, 0, 5, 359453, 6, 20, 0, 8
9, 31, 0, 5, 359453, 93, 15, 0, 8
9, 31, 0, 5, 359453, 17, 16, 1, 8
9, 31, 0, 5, 359453, 21, 19, 0, 8
9, 31, 0, 5, 359453, 26, 12, 0, 8
9, 31, 0, 5, 359453, 116, 18, 1, 8
9, 31, 0, 5, 359453, 9, 20, 1, 8
9, 31, 0, 5, 359453, 8, 16, 0, 8
9, 31, 0, 5, 359453, 52, 15, 1, 8
9, 31, 0, 5, 359453, 117, 19, 1, 8
9, 31, 0, 5, 359453, 38, 20, 1, 8
9, 31, 0, 5, 359453, 50, 20, 1, 8
9, 31, 0, 5, 359453, 28, 13, 1, 10
9, 31, 0, 5, 359453, 44, 17, 1, 10
9, 31, 0, 5, 359453, 49, 14, 0, 10
9, 31, 0, 5, 359453, 185, 13, 1, 10
9, 31, 0, 5, 359453, 185, 13, 1, 10
9, 31, 0, 5, 359453, 94, 14, 1, 10
9, 31, 0, 5, 359453, 114, 20, 1, 10
9, 31, 0, 5, 359453, 59, 16, 0, 10
9, 31, 0, 5, 359453, 89, 13, 1, 10
9, 31, 0, 5, 359453, 105, 19, 1, 10
9, 31, 0, 5, 359453, 113, 13, 1, 10
9, 31, 0, 5, 359453, 119, 17, 1, 10
9, 31, 0, 5, 359453, 51, 16, 0, 10
9, 31, 0, 5, 359453, 125, 16, 1, 10
9, 31, 0, 5, 359453, 159, 14, 1, 10
9, 31, 0, 5, 359453, 140, 13, 1, 10
9, 31, 0, 5, 359453, 190, 20, 1, 10
9, 31, 0, 5, 359453, 189, 15, 0, 10
9, 31, 0, 5, 359453, 196, 13, 1, 10
10, 34, 0, 4, 206027, 5, 12, 0, 1
10, 34, 0, 4, 206027, 39, 17, 0, 1
10, 34, 0, 4, 206027, 197, 17, 1, 1
10, 34, 0, 4, 206027, 198, 15, 0, 1
10, 34, 0, 4, 206027, 199, 17, 0, 1
10, 34, 0, 4, 206027, 168, 19, 1, 1
10, 34, 0, 4, 206027, 124, 20, 0, 1
10, 34, 0, 4, 206027, 154, 17, 0, 1
10, 34, 0, 4, 206027, 120, 14, 0, 1
10, 34, 0, 4, 206027, 106, 14, 1, 1
10, 34, 0, 4, 206027, 99, 19, 0, 1
10, 34, 0, 4, 206027, 90, 15, 0, 1
10, 34, 0, 4, 206027, 35, 16, 1, 1
10, 34, 0, 4, 206027, 11, 15, 0, 1
10, 34, 0, 4, 206027, 178, 15, 0, 1
10, 34, 0, 4, 206027, 122, 16, 1, 2
10, 34, 0, 4, 206027, 150, 16, 0, 2
10, 34, 0, 4, 206027, 177, 15, 0, 2
10, 34, 0, 4, 206027, 179, 20, 0, 2
10, 34, 0, 4, 206027, 134, 20, 0, 2
10, 34, 0, 4, 206027, 157, 17, 0, 2
10, 34, 0, 4, 206027, 143, 13, 1, 2
10, 34, 0, 4, 206027, 139, 16, 0, 2
10, 34, 0, 4, 206027, 176, 18, 0, 2
10, 34, 0, 4, 206027, 175, 13, 0, 2
10, 34, 0, 4, 206027, 110, 20, 0, 2
10, 34, 0, 4, 206027, 48, 18, 0, 2
10, 34, 0, 4, 206027, 30, 18, 0, 2
10, 34, 0, 4, 206027, 36, 13, 1, 2
10, 34, 0, 4, 206027, 27, 14, 1, 2
10, 34, 0, 4, 206027, 15, 20, 0, 2
10, 34, 0, 4, 206027, 18, 13, 1, 2
10, 34, 0, 4, 206027, 47, 18, 0, 2
10, 34, 0, 4, 206027, 75, 13, 1, 2
10, 34, 0, 4, 206027, 30, 17, 0, 2
10, 34, 0, 4, 206027, 71, 18, 1, 2
10, 34, 0, 4, 206027, 188, 16, 1, 3
10, 34, 0, 4, 206027, 169, 15, 0, 3
10, 34, 0, 4, 206027, 182, 13, 1, 3
10, 34, 0, 4, 206027, 172, 17, 0, 3
10, 34, 0, 4, 206027, 82, 15, 1, 3
10, 34, 0, 4, 206027, 164, 16, 1, 3
10, 34, 0, 4, 206027, 180, 17, 1, 3
10, 34, 0, 4, 206027, 70, 13, 1, 3
10, 34, 0, 4, 206027, 138, 18, 0, 3
10, 34, 0, 4, 206027, 167, 20, 1, 3
10, 34, 0, 4, 206027, 23, 13, 0, 3
10, 34, 0, 4, 206027, 112, 13, 1, 3
10, 34, 0, 4, 206027, 108, 17, 0, 3
10, 34, 0, 4, 206027, 72, 20, 0, 3
10, 34, 0, 4, 206027, 88, 15, 0, 3
10, 34, 0, 4, 206027, 81, 14, 0, 3
10, 34, 0, 4, 206027, 87, 20, 1, 3
10, 34, 0, 4, 206027, 2, 16, 0, 3
10, 34, 0, 4, 206027, 40, 13, 0, 3
10, 34, 0, 4, 206027, 19, 19, 0, 3
10, 34, 0, 4, 206027, 45, 15, 0, 4
10, 34, 0, 4, 206027, 98, 13, 0, 4
10, 34, 0, 4, 206027, 22, 15, 0, 4
10, 34, 0, 4, 206027, 77, 17, 0, 4
10, 34, 0, 4, 206027, 4, 18, 1, 4
10, 34, 0, 4, 206027, 74, 20, 1, 4
10, 34, 0, 4, 206027, 111, 14, 1, 4
10, 34, 0, 4, 206027, 111, 14, 1, 4
10, 34, 0, 4, 206027, 69, 17, 1, 4
10, 34, 0, 4, 206027, 186, 19, 0, 4
10, 34, 0, 4, 206027, 84, 18, 0, 4
10, 34, 0, 4, 206027, 153, 18, 0, 4
10, 34, 0, 4, 206027, 161, 16, 1, 4
10, 34, 0, 4, 206027, 160, 15, 1, 4
10, 34, 0, 4, 206027, 152, 13, 0, 4
10, 34, 0, 4, 206027, 135, 15, 0, 4
10, 34, 0, 4, 206027, 162, 17, 1, 4
10, 34, 0, 4, 206027, 107, 15, 0, 4
10, 34, 0, 4, 206027, 100, 19, 0, 4
10, 34, 0, 4, 206027, 80, 15, 1, 5
10, 34, 0, 4, 206027, 187, 19, 0, 5
10, 34, 0, 4, 206027, 170, 15, 0, 5
10, 34, 0, 4, 206027, 155, 20, 0, 5
10, 34, 0, 4, 206027, 115, 19, 1, 5
10, 34, 0, 4, 206027, 97, 16, 1, 5
10, 34, 0, 4, 206027, 78, 18, 1, 5
10, 34, 0, 4, 206027, 95, 17, 1, 5
10, 34, 0, 4, 206027, 66, 18, 0, 5
10, 34, 0, 4, 206027, 58, 16, 0, 5
10, 34, 0, 4, 206027, 10, 19, 1, 5
10, 34, 0, 4, 206027, 14, 12, 0, 5
10, 34, 0, 4, 206027, 25, 19, 0, 5
10, 34, 0, 4, 206027, 29, 18, 1, 5
10, 34, 0, 4, 206027, 57, 17, 1, 5
10, 34, 0, 4, 206027, 12, 12, 1, 5
10, 34, 0, 4, 206027, 76, 19, 0, 5
10, 34, 0, 4, 206027, 85, 19, 0, 6
10, 34, 0, 4, 206027, 92, 18, 0, 6
10, 34, 0, 4, 206027, 46, 19, 1, 6
10, 34, 0, 4, 206027, 121, 14, 0, 6
10, 34, 0, 4, 206027, 137, 14, 1, 6
10, 34, 0, 4, 206027, 130, 15, 1, 6
10, 34, 0, 4, 206027, 86, 20, 1, 6
10, 34, 0, 4, 206027, 174, 17, 0, 6
10, 34, 0, 4, 206027, 184, 15, 1, 6
10, 34, 0, 4, 206027, 158, 13, 1, 6
10, 34, 0, 4, 206027, 193, 19, 0, 6
10, 34, 0, 4, 206027, 191, 20, 0, 6
10, 34, 0, 4, 206027, 79, 17, 1, 6
10, 34, 0, 4, 206027, 61, 19, 1, 6
10, 34, 0, 4, 206027, 43, 16, 0, 6
10, 34, 0, 4, 206027, 16, 14, 0, 6
10, 34, 0, 4, 206027, 173, 15, 1, 6
10, 34, 0, 4, 206027, 60, 18, 1, 6
10, 34, 0, 4, 206027, 32, 15, 0, 6
10, 34, 0, 4, 206027, 37, 19, 0, 6
10, 34, 0, 4, 206027, 41, 13, 0, 6
10, 34, 0, 4, 206027, 151, 17, 1, 6
10, 34, 0, 4, 206027, 34, 16, 1, 6
10, 34, 0, 4, 206027, 53, 14, 0, 6
10, 34, 0, 4, 206027, 68, 13, 1, 6
10, 34, 0, 4, 206027, 13, 17, 0, 7
10, 34, 0, 4, 206027, 55, 18, 0, 7
10, 34, 0, 4, 206027, 103, 14, 0, 7
10, 34, 0, 4, 206027, 33, 16, 1, 7
10, 34, 0, 4, 206027, 64, 16, 1, 7
10, 34, 0, 4, 206027, 65, 20, 0, 7
10, 34, 0, 4, 206027, 67, 20, 1, 7
10, 34, 0, 4, 206027, 101, 15, 0, 7
10, 34, 0, 4, 206027, 73, 19, 0, 7
10, 34, 0, 4, 206027, 73, 19, 0, 7
10, 34, 0, 4, 206027, 144, 17, 1, 7
10, 34, 0, 4, 206027, 132, 14, 1, 7
10, 34, 0, 4, 206027, 149, 14, 1, 7
10, 34, 0, 4, 206027, 166, 18, 1, 7
10, 34, 0, 4, 206027, 148, 15, 1, 7
10, 34, 0, 4, 206027, 131, 19, 0, 7
10, 34, 0, 4, 206027, 156, 15, 0, 7
10, 34, 0, 4, 206027, 192, 16, 0, 7
10, 34, 0, 4, 206027, 91, 14, 1, 7
10, 34, 0, 4, 206027, 104, 15, 0, 8
10, 34, 0, 4, 206027, 133, 20, 0, 8
10, 34, 0, 4, 206027, 96, 14, 1, 8
10, 34, 0, 4, 206027, 163, 14, 0, 8
10, 34, 0, 4, 206027, 126, 15, 0, 8
10, 34, 0, 4, 206027, 129, 17, 1, 8
10, 34, 0, 4, 206027, 165, 19, 0, 8
10, 34, 0, 4, 206027, 183, 15, 0, 8
10, 34, 0, 4, 206027, 145, 20, 0, 8
10, 34, 0, 4, 206027, 136, 20, 0, 8
10, 34, 0, 4, 206027, 195, 20, 0, 8
10, 34, 0, 4, 206027, 6, 20, 0, 8
10, 34, 0, 4, 206027, 93, 15, 0, 8
10, 34, 0, 4, 206027, 17, 16, 1, 8
10, 34, 0, 4, 206027, 21, 19, 0, 8
10, 34, 0, 4, 206027, 26, 12, 0, 8
10, 34, 0, 4, 206027, 116, 18, 1, 8
10, 34, 0, 4, 206027, 9, 20, 1, 8
10, 34, 0, 4, 206027, 8, 16, 0, 8
10, 34, 0, 4, 206027, 52, 15, 1, 8
10, 34, 0, 4, 206027, 117, 19, 1, 8
10, 34, 0, 4, 206027, 38, 20, 1, 8
10, 34, 0, 4, 206027, 50, 20, 1, 8
10, 34, 0, 4, 206027, 54, 14, 1, 9
10, 34, 0, 4, 206027, 109, 18, 1, 9
10, 34, 0, 4, 206027, 127, 17, 0, 9
0, 0, 0, 0, 0, 0, 0, 0, 0
0, 0, 0, 0, 0, 0, 0, 0, 0
0, 0, 0, 0, 0, 0, 0, 0, 0
0, 0, 0, 0, 0, 0, 0, 0, 0
0, 0, 0, 0, 0, 0, 0, 0, 0
0, 0, 0, 0, 0, 0, 0, 0, 0
0, 0, 0, 0, 0, 0, 0, 0, 0
0, 0, 0, 0, 0, 0, 0, 0, 0
0, 0, 0, 0, 0, 0, 0, 0, 0
0, 0, 0, 0, 0, 0, 0, 0, 0
0, 0, 0, 0, 0, 0, 0, 0, 0
0, 0, 0, 0, 0, 0, 0, 0, 0
0, 0, 0, 0, 0, 0, 0, 0, 0
0, 0, 0, 0, 0, 0, 0, 0, 0
0, 0, 0, 0, 0, 0, 0, 0, 0
0, 0, 0, 0, 0, 0, 0, 0, 0
0, 0, 0, 0, 0, 0, 0, 0, 0
0, 0, 0, 0, 0, 0, 0, 0, 0
0, 0, 0, 0, 0, 0, 0, 0, 0
0, 0, 0, 0, 0, 0, 0, 0, 0
0, 0, 0, 0, 0, 0, 0, 0, 0
0, 0, 0, 0, 0, 0, 0, 0, 0
0, 0, 0, 0, 0, 0, 0, 0, 0
0, 0, 0, 0, 0, 0, 0, 0, 0
0, 0, 0, 0, 0, 0, 0, 0, 0
0, 0, 0, 0, 0, 0, 0, 0, 0
0, 0, 0, 0, 0, 0, 0, 0, 0
0, 0, 0, 0, 0, 0, 0, 0, 0
0, 0, 0, 0, 0, 0, 0, 0, 0
0, 0, 0, 0, 0, 0, 0, 0, 0
0, 0, 0, 0, 0, 0, 0, 0, 0
0, 0, 0, 0, 0, 0, 0, 0, 0
0, 0, 0, 0, 0, 0, 0, 0, 0
0, 0, 0, 0, 0, 0, 0, 0, 0
0, 0, 0, 0, 0, 0, 0, 0, 0
0, 0, 0, 0, 0, 0, 0, 0, 0
0, 0, 0, 0, 0, 0, 0, 0, 0
0, 0, 0, 0, 0, 0, 0, 0, 0
0, 0, 0, 0, 0, 0, 0, 0, 0
0, 0, 0, 0, 0, 0, 0, 0, 0
0, 0, 0, 0, 0, 0, 0, 0, 0
0, 0, 0, 0, 0, 0, 0, 0, 0
0, 0, 0, 0, 0, 0, 0, 0, 0
0, 0, 0, 0, 0, 0, 0, 0, 0
0, 0, 0, 0, 0, 0, 0, 0, 0
0, 0, 0, 0, 0, 0, 0, 0, 0
0, 0, 0, 0, 0, 0, 0, 0, 0
0, 0, 0, 0, 0, 0, 0, 0, 0
0, 0, 0, 0, 0, 0, 0, 0, 0
0, 0, 0, 0, 0, 0, 0, 0, 0
0, 0, 0, 0, 0, 0, 0, 0, 0
0, 0, 0, 0, 0, 0, 0, 0, 0
0, 0, 0, 0, 0, 0, 0, 0, 0
0, 0, 0, 0, 0, 0, 0, 0, 0
0, 0, 0, 0, 0, 0, 0, 0, 0
0, 0, 0, 0, 0, 0, 0, 0, 0
0, 0, 0, 0, 0, 0, 0, 0, 0
0, 0, 0, 0, 0, 0, 0, 0, 0
0, 0, 0, 0, 0, 0, 0, 0, 0
0, 0, 0, 0, 0, 0, 0, 0, 0
0, 0, 0, 0, 0, 0, 0, 0, 0
0, 0, 0, 0, 0, 0, 0, 0, 0
0, 0, 0, 0, 0, 0, 0, 0, 0
0, 0, 0, 0, 0, 0, 0, 0, 0
0, 0, 0, 0, 0, 0, 0, 0, 0
0, 0, 0, 0, 0, 0, 0, 0, 0
0, 0, 0, 0, 0, 0, 0, 0, 0
0, 0, 0, 0, 0, 0, 0, 0, 0
0, 0, 0, 0, 0, 0, 0, 0, 0
0, 0, 0, 0, 0, 0, 0, 0, 0
0, 0, 0, 0, 0, 0, 0, 0, 0
0, 0, 0, 0, 0, 0, 0, 0, 0
0, 0, 0, 0, 0, 0, 0, 0, 0
0, 0, 0, 0, 0, 0, 0, 0, 0
0, 0, 0, 0, 0, 0, 0, 0, 0
0, 0, 0, 0, 0, 0, 0, 0, 0
0, 0, 0, 0, 0, 0, 0, 0, 0
0, 0, 0, 0, 0, 0, 0, 0, 0
0, 0, 0, 0, 0, 0, 0, 0, 0
0, 0, 0, 0, 0, 0, 0, 0, 0
0, 0, 0, 0, 0, 0, 0, 0, 0
0, 0, 0, 0, 0, 0, 0, 0, 0
0, 0, 0, 0, 0, 0, 0, 0, 0
0, 0, 0, 0, 0, 0, 0, 0, 0
0, 0, 0, 0, 0, 0, 0, 0, 0
0, 0, 0, 0, 0, 0, 0, 0, 0
0, 0, 0, 0, 0, 0, 0, 0, 0
0, 0, 0, 0, 0, 0, 0, 0, 0
